"Posicion","Palabra","Frecuencia","Proporcion","Porcentaje"
1,"said",818,0.0242341648397227,2.42
2,"poirot",499,0.0147834330745986,1.48
3,"one",316,0.00936185340996623,0.94
4,"katherine",308,0.00912484446287847,0.91
5,"aldin",293,0.00868045268708894,0.87
6,"van",293,0.00868045268708894,0.87
7,"will",255,0.00755466018842211,0.76
8,"man",222,0.00657699828168513,0.66
9,"kettering",218,0.00645849380814126,0.65
10,"know",211,0.00625111097943947,0.63
11,"yes",200,0.00592522367719381,0.59
12,"say",176,0.00521419683593056,0.52
13,"well",175,0.00518457071754459,0.52
14,"now",173,0.00512531848077265,0.51
15,"derek",168,0.0049771878888428,0.5
16,"little",168,0.0049771878888428,0.5
17,"mademoiselle",164,0.00485868341529893,0.49
18,"monsieur",163,0.00482905729691296,0.48
19,"comte",162,0.00479943117852699,0.48
20,"knighton",161,0.00476980506014102,0.48
21,"think",159,0.00471055282336908,0.47
22,"looked",157,0.00465130058659714,0.47
23,"train",148,0.00438466552112342,0.44
24,"see",146,0.00432541328435148,0.43
25,"good",135,0.00399952598210582,0.4
26,"like",131,0.00388102150856195,0.39
27,"lady",130,0.00385139539017598,0.39
28,"can",127,0.00376251703501807,0.38
29,"back",123,0.0036440125614742,0.36
30,"something",112,0.00331812525922854,0.33
31,"two",111,0.00328849914084257,0.33
32,"don",110,0.0032588730224566,0.33
33,"ruth",110,0.0032588730224566,0.33
34,"time",110,0.0032588730224566,0.33
35,"came",109,0.00322924690407063,0.32
36,"went",106,0.00314036854891272,0.31
37,"face",105,0.00311074243052675,0.31
38,"just",105,0.00311074243052675,0.31
39,"woman",104,0.00308111631214078,0.31
40,"tell",103,0.00305149019375481,0.31
41,"come",100,0.00296261183859691,0.3
42,"things",97,0.002873733483439,0.29
43,"head",93,0.00275522900989512,0.28
44,"mirelle",91,0.00269597677312319,0.27
45,"might",90,0.00266635065473722,0.27
46,"must",90,0.00266635065473722,0.27
47,"sir",89,0.00263672453635125,0.26
48,"murmured",88,0.00260709841796528,0.26
49,"got",86,0.00254784618119334,0.25
50,"much",86,0.00254784618119334,0.25
51,"eyes",84,0.0024885939444214,0.25
52,"case",82,0.00242934170764946,0.24
53,"lenox",82,0.00242934170764946,0.24
54,"tamplin",82,0.00242934170764946,0.24
55,"made",80,0.00237008947087753,0.24
56,"never",79,0.00234046335249156,0.23
57,"left",78,0.00231083723410559,0.23
58,"thing",78,0.00231083723410559,0.23
59,"always",77,0.00228121111571962,0.23
60,"papopolous",76,0.00225158499733365,0.23
61,"nodded",75,0.00222195887894768,0.22
62,"compartment",73,0.00216270664217574,0.22
63,"miss",73,0.00216270664217574,0.22
64,"grey",71,0.0021034544054038,0.21
65,"going",70,0.00207382828701784,0.21
66,"moment",70,0.00207382828701784,0.21
67,"paris",70,0.00207382828701784,0.21
68,"saw",70,0.00207382828701784,0.21
69,"mrs",69,0.00204420216863187,0.2
70,"quite",69,0.00204420216863187,0.2
71,"way",69,0.00204420216863187,0.2
72,"thought",68,0.0020145760502459,0.2
73,"told",68,0.0020145760502459,0.2
74,"millionaire",67,0.00198494993185993,0.2
75,"asked",66,0.00195532381347396,0.2
76,"door",65,0.00192569769508799,0.19
77,"rather",64,0.00189607157670202,0.19
78,"right",64,0.00189607157670202,0.19
79,"father",63,0.00186644545831605,0.19
80,"hand",63,0.00186644545831605,0.19
81,"nothing",62,0.00183681933993008,0.18
82,"take",62,0.00183681933993008,0.18
83,"mean",61,0.00180719322154411,0.18
84,"dear",59,0.00174794098477218,0.17
85,"mind",59,0.00174794098477218,0.17
86,"police",59,0.00174794098477218,0.17
87,"room",59,0.00174794098477218,0.17
88,"took",59,0.00174794098477218,0.17
89,"course",58,0.00171831486638621,0.17
90,"madame",58,0.00171831486638621,0.17
91,"mason",58,0.00171831486638621,0.17
92,"morning",58,0.00171831486638621,0.17
93,"nice",58,0.00171831486638621,0.17
94,"roche",58,0.00171831486638621,0.17
95,"turned",57,0.00168868874800024,0.17
96,"day",56,0.00165906262961427,0.17
97,"look",56,0.00165906262961427,0.17
98,"wife",56,0.00165906262961427,0.17
99,"first",55,0.0016294365112283,0.16
100,"jewels",54,0.00159981039284233,0.16
101,"may",54,0.00159981039284233,0.16
102,"old",53,0.00157018427445636,0.16
103,"perhaps",53,0.00157018427445636,0.16
104,"voice",53,0.00157018427445636,0.16
105,"suddenly",52,0.00154055815607039,0.15
106,"though",52,0.00154055815607039,0.15
107,"suppose",51,0.00151093203768442,0.15
108,"anything",50,0.00148130591929845,0.15
109,"round",50,0.00148130591929845,0.15
110,"want",50,0.00148130591929845,0.15
111,"gave",49,0.00145167980091248,0.15
112,"kind",49,0.00145167980091248,0.15
113,"looking",49,0.00145167980091248,0.15
114,"minute",49,0.00145167980091248,0.15
115,"sharply",49,0.00145167980091248,0.15
116,"spoke",49,0.00145167980091248,0.15
117,"upon",49,0.00145167980091248,0.15
118,"commissary",48,0.00142205368252652,0.14
119,"last",48,0.00142205368252652,0.14
120,"seen",48,0.00142205368252652,0.14
121,"found",47,0.00139242756414055,0.14
122,"maid",47,0.00139242756414055,0.14
123,"shall",47,0.00139242756414055,0.14
124,"long",46,0.00136280144575458,0.14
125,"matter",46,0.00136280144575458,0.14
126,"ask",45,0.00133317532736861,0.13
127,"blue",45,0.00133317532736861,0.13
128,"carrège",45,0.00133317532736861,0.13
129,"daughter",45,0.00133317532736861,0.13
130,"letter",45,0.00133317532736861,0.13
131,"get",44,0.00130354920898264,0.13
132,"give",44,0.00130354920898264,0.13
133,"money",44,0.00130354920898264,0.13
134,"secretary",44,0.00130354920898264,0.13
135,"believe",43,0.00127392309059667,0.13
136,"dead",43,0.00127392309059667,0.13
137,"business",42,0.0012442969722107,0.12
138,"let",42,0.0012442969722107,0.12
139,"life",42,0.0012442969722107,0.12
140,"seemed",42,0.0012442969722107,0.12
141,"smiled",42,0.0012442969722107,0.12
142,"without",42,0.0012442969722107,0.12
143,"done",41,0.00121467085382473,0.12
144,"idea",41,0.00121467085382473,0.12
145,"table",41,0.00121467085382473,0.12
146,"young",41,0.00121467085382473,0.12
147,"girl",40,0.00118504473543876,0.12
148,"hercule",40,0.00118504473543876,0.12
149,"put",40,0.00118504473543876,0.12
150,"smile",40,0.00118504473543876,0.12
151,"across",39,0.00115541861705279,0.12
152,"away",39,0.00115541861705279,0.12
153,"great",39,0.00115541861705279,0.12
154,"make",39,0.00115541861705279,0.12
155,"name",39,0.00115541861705279,0.12
156,"really",39,0.00115541861705279,0.12
157,"sat",39,0.00115541861705279,0.12
158,"still",39,0.00115541861705279,0.12
159,"together",39,0.00115541861705279,0.12
160,"zia",39,0.00115541861705279,0.12
161,"ever",38,0.00112579249866682,0.11
162,"fact",38,0.00112579249866682,0.11
163,"sure",38,0.00112579249866682,0.11
164,"three",38,0.00112579249866682,0.11
165,"laughed",37,0.00109616638028086,0.11
166,"night",37,0.00109616638028086,0.11
167,"people",37,0.00109616638028086,0.11
168,"another",35,0.00103691414350892,0.1
169,"chair",35,0.00103691414350892,0.1
170,"dancer",35,0.00103691414350892,0.1
171,"heard",35,0.00103691414350892,0.1
172,"knew",35,0.00103691414350892,0.1
173,"manner",35,0.00103691414350892,0.1
174,"marquis",35,0.00103691414350892,0.1
175,"viner",35,0.00103691414350892,0.1
176,"yet",35,0.00103691414350892,0.1
177,"along",34,0.00100728802512295,0.1
178,"passed",34,0.00100728802512295,0.1
179,"understand",34,0.00100728802512295,0.1
180,"word",34,0.00100728802512295,0.1
181,"years",34,0.00100728802512295,0.1
182,"cried",33,0.000977661906736979,0.1
183,"far",33,0.000977661906736979,0.1
184,"gentleman",33,0.000977661906736979,0.1
185,"behind",32,0.00094803578835101,0.09
186,"certainly",32,0.00094803578835101,0.09
187,"men",32,0.00094803578835101,0.09
188,"friend",31,0.000918409669965041,0.09
189,"point",31,0.000918409669965041,0.09
190,"remember",31,0.000918409669965041,0.09
191,"wish",31,0.000918409669965041,0.09
192,"better",30,0.000888783551579072,0.09
193,"certain",30,0.000888783551579072,0.09
194,"hands",30,0.000888783551579072,0.09
195,"magistrate",30,0.000888783551579072,0.09
196,"rose",30,0.000888783551579072,0.09
197,"white",30,0.000888783551579072,0.09
198,"ada",29,0.000859157433193103,0.09
199,"affair",29,0.000859157433193103,0.09
200,"drew",29,0.000859157433193103,0.09
201,"knows",29,0.000859157433193103,0.09
202,"rubies",29,0.000859157433193103,0.09
203,"shook",29,0.000859157433193103,0.09
204,"shoulders",29,0.000859157433193103,0.09
205,"slowly",29,0.000859157433193103,0.09
206,"speak",29,0.000859157433193103,0.09
207,"street",29,0.000859157433193103,0.09
208,"talking",29,0.000859157433193103,0.09
209,"world",29,0.000859157433193103,0.09
210,"answer",28,0.000829531314807134,0.08
211,"felt",28,0.000829531314807134,0.08
212,"indeed",28,0.000829531314807134,0.08
213,"mistress",28,0.000829531314807134,0.08
214,"question",28,0.000829531314807134,0.08
215,"small",28,0.000829531314807134,0.08
216,"also",27,0.000799905196421165,0.08
217,"car",27,0.000799905196421165,0.08
218,"every",27,0.000799905196421165,0.08
219,"heart",27,0.000799905196421165,0.08
220,"known",27,0.000799905196421165,0.08
221,"london",27,0.000799905196421165,0.08
222,"since",27,0.000799905196421165,0.08
223,"stared",27,0.000799905196421165,0.08
224,"true",27,0.000799905196421165,0.08
225,"women",27,0.000799905196421165,0.08
226,"words",27,0.000799905196421165,0.08
227,"goby",26,0.000770279078035196,0.08
228,"many",26,0.000770279078035196,0.08
229,"minutes",26,0.000770279078035196,0.08
230,"read",26,0.000770279078035196,0.08
231,"seems",26,0.000770279078035196,0.08
232,"window",26,0.000770279078035196,0.08
233,"caux",25,0.000740652959649227,0.07
234,"conductor",25,0.000740652959649227,0.07
235,"dereek",25,0.000740652959649227,0.07
236,"different",25,0.000740652959649227,0.07
237,"dinner",25,0.000740652959649227,0.07
238,"forward",25,0.000740652959649227,0.07
239,"friends",25,0.000740652959649227,0.07
240,"hippolyte",25,0.000740652959649227,0.07
241,"murder",25,0.000740652959649227,0.07
242,"opened",25,0.000740652959649227,0.07
243,"poor",25,0.000740652959649227,0.07
244,"stood",25,0.000740652959649227,0.07
245,"thoughtfully",25,0.000740652959649227,0.07
246,"air",24,0.000711026841263258,0.07
247,"arrived",24,0.000711026841263258,0.07
248,"crime",24,0.000711026841263258,0.07
249,"everything",24,0.000711026841263258,0.07
250,"find",24,0.000711026841263258,0.07
251,"harfield",24,0.000711026841263258,0.07
252,"hear",24,0.000711026841263258,0.07
253,"towards",24,0.000711026841263258,0.07
254,"wonder",24,0.000711026841263258,0.07
255,"already",23,0.000681400722877289,0.07
256,"end",23,0.000681400722877289,0.07
257,"entered",23,0.000681400722877289,0.07
258,"happened",23,0.000681400722877289,0.07
259,"law",23,0.000681400722877289,0.07
260,"leave",23,0.000681400722877289,0.07
261,"lyons",23,0.000681400722877289,0.07
262,"meet",23,0.000681400722877289,0.07
263,"met",23,0.000681400722877289,0.07
264,"place",23,0.000681400722877289,0.07
265,"pocket",23,0.000681400722877289,0.07
266,"shrugged",23,0.000681400722877289,0.07
267,"talk",23,0.000681400722877289,0.07
268,"wanted",23,0.000681400722877289,0.07
269,"wrong",23,0.000681400722877289,0.07
270,"ago",22,0.00065177460449132,0.07
271,"almost",22,0.00065177460449132,0.07
272,"american",22,0.00065177460449132,0.07
273,"call",22,0.00065177460449132,0.07
274,"count",22,0.00065177460449132,0.07
275,"curious",22,0.00065177460449132,0.07
276,"english",22,0.00065177460449132,0.07
277,"enough",22,0.00065177460449132,0.07
278,"even",22,0.00065177460449132,0.07
279,"handed",22,0.00065177460449132,0.07
280,"hope",22,0.00065177460449132,0.07
281,"hotel",22,0.00065177460449132,0.07
282,"love",22,0.00065177460449132,0.07
283,"major",22,0.00065177460449132,0.07
284,"master",22,0.00065177460449132,0.07
285,"need",22,0.00065177460449132,0.07
286,"surprise",22,0.00065177460449132,0.07
287,"thinking",22,0.00065177460449132,0.07
288,"dad",21,0.000622148486105351,0.06
289,"examining",21,0.000622148486105351,0.06
290,"half",21,0.000622148486105351,0.06
291,"new",21,0.000622148486105351,0.06
292,"person",21,0.000622148486105351,0.06
293,"present",21,0.000622148486105351,0.06
294,"quietly",21,0.000622148486105351,0.06
295,"second",21,0.000622148486105351,0.06
296,"soon",21,0.000622148486105351,0.06
297,"thousand",21,0.000622148486105351,0.06
298,"villa",21,0.000622148486105351,0.06
299,"began",20,0.000592522367719381,0.06
300,"big",20,0.000592522367719381,0.06
301,"black",20,0.000592522367719381,0.06
302,"continued",20,0.000592522367719381,0.06
303,"doctor",20,0.000592522367719381,0.06
304,"gone",20,0.000592522367719381,0.06
305,"hat",20,0.000592522367719381,0.06
306,"news",20,0.000592522367719381,0.06
307,"next",20,0.000592522367719381,0.06
308,"open",20,0.000592522367719381,0.06
309,"paused",20,0.000592522367719381,0.06
310,"sense",20,0.000592522367719381,0.06
311,"silence",20,0.000592522367719381,0.06
312,"sitting",20,0.000592522367719381,0.06
313,"taken",20,0.000592522367719381,0.06
314,"thank",20,0.000592522367719381,0.06
315,"tone",20,0.000592522367719381,0.06
316,"attention",19,0.000562896249333412,0.06
317,"best",19,0.000562896249333412,0.06
318,"clearly",19,0.000562896249333412,0.06
319,"dark",19,0.000562896249333412,0.06
320,"french",19,0.000562896249333412,0.06
321,"held",19,0.000562896249333412,0.06
322,"hundred",19,0.000562896249333412,0.06
323,"husband",19,0.000562896249333412,0.06
324,"information",19,0.000562896249333412,0.06
325,"marie",19,0.000562896249333412,0.06
326,"married",19,0.000562896249333412,0.06
327,"mother",19,0.000562896249333412,0.06
328,"possible",19,0.000562896249333412,0.06
329,"reason",19,0.000562896249333412,0.06
330,"set",19,0.000562896249333412,0.06
331,"softly",19,0.000562896249333412,0.06
332,"truth",19,0.000562896249333412,0.06
333,"usual",19,0.000562896249333412,0.06
334,"won",19,0.000562896249333412,0.06
335,"conversation",18,0.000533270130947443,0.05
336,"demanded",18,0.000533270130947443,0.05
337,"didn",18,0.000533270130947443,0.05
338,"doubtless",18,0.000533270130947443,0.05
339,"hard",18,0.000533270130947443,0.05
340,"keep",18,0.000533270130947443,0.05
341,"later",18,0.000533270130947443,0.05
342,"meant",18,0.000533270130947443,0.05
343,"murdered",18,0.000533270130947443,0.05
344,"naturally",18,0.000533270130947443,0.05
345,"perfectly",18,0.000533270130947443,0.05
346,"pretty",18,0.000533270130947443,0.05
347,"raised",18,0.000533270130947443,0.05
348,"riviera",18,0.000533270130947443,0.05
349,"seat",18,0.000533270130947443,0.05
350,"several",18,0.000533270130947443,0.05
351,"stopped",18,0.000533270130947443,0.05
352,"story",18,0.000533270130947443,0.05
353,"straight",18,0.000533270130947443,0.05
354,"ten",18,0.000533270130947443,0.05
355,"agreed",17,0.000503644012561474,0.05
356,"called",17,0.000503644012561474,0.05
357,"coat",17,0.000503644012561474,0.05
358,"corridor",17,0.000503644012561474,0.05
359,"death",17,0.000503644012561474,0.05
360,"divorce",17,0.000503644012561474,0.05
361,"finished",17,0.000503644012561474,0.05
362,"fool",17,0.000503644012561474,0.05
363,"foolish",17,0.000503644012561474,0.05
364,"georges",17,0.000503644012561474,0.05
365,"glad",17,0.000503644012561474,0.05
366,"hardly",17,0.000503644012561474,0.05
367,"help",17,0.000503644012561474,0.05
368,"lost",17,0.000503644012561474,0.05
369,"replied",17,0.000503644012561474,0.05
370,"seem",17,0.000503644012561474,0.05
371,"sudden",17,0.000503644012561474,0.05
372,"times",17,0.000503644012561474,0.05
373,"aarons",16,0.000474017894175505,0.05
374,"alone",16,0.000474017894175505,0.05
375,"bad",16,0.000474017894175505,0.05
376,"bien",16,0.000474017894175505,0.05
377,"clock",16,0.000474017894175505,0.05
378,"coming",16,0.000474017894175505,0.05
379,"deal",16,0.000474017894175505,0.05
380,"fellow",16,0.000474017894175505,0.05
381,"however",16,0.000474017894175505,0.05
382,"impression",16,0.000474017894175505,0.05
383,"jewel",16,0.000474017894175505,0.05
384,"killed",16,0.000474017894175505,0.05
385,"leaned",16,0.000474017894175505,0.05
386,"leant",16,0.000474017894175505,0.05
387,"light",16,0.000474017894175505,0.05
388,"lunch",16,0.000474017894175505,0.05
389,"mary",16,0.000474017894175505,0.05
390,"pleased",16,0.000474017894175505,0.05
391,"presently",16,0.000474017894175505,0.05
392,"quickly",16,0.000474017894175505,0.05
393,"satisfied",16,0.000474017894175505,0.05
394,"turning",16,0.000474017894175505,0.05
395,"walked",16,0.000474017894175505,0.05
396,"yesterday",16,0.000474017894175505,0.05
397,"beautiful",15,0.000444391775789536,0.04
398,"chance",15,0.000444391775789536,0.04
399,"chubby",15,0.000444391775789536,0.04
400,"cigarette",15,0.000444391775789536,0.04
401,"clothes",15,0.000444391775789536,0.04
402,"difficult",15,0.000444391775789536,0.04
403,"doubt",15,0.000444391775789536,0.04
404,"england",15,0.000444391775789536,0.04
405,"evening",15,0.000444391775789536,0.04
406,"evidence",15,0.000444391775789536,0.04
407,"exactly",15,0.000444391775789536,0.04
408,"excellent",15,0.000444391775789536,0.04
409,"feet",15,0.000444391775789536,0.04
410,"gently",15,0.000444391775789536,0.04
411,"god",15,0.000444391775789536,0.04
412,"hold",15,0.000444391775789536,0.04
413,"house",15,0.000444391775789536,0.04
414,"interesting",15,0.000444391775789536,0.04
415,"least",15,0.000444391775789536,0.04
416,"low",15,0.000444391775789536,0.04
417,"noticed",15,0.000444391775789536,0.04
418,"odd",15,0.000444391775789536,0.04
419,"pause",15,0.000444391775789536,0.04
420,"politely",15,0.000444391775789536,0.04
421,"quick",15,0.000444391775789536,0.04
422,"side",15,0.000444391775789536,0.04
423,"started",15,0.000444391775789536,0.04
424,"various",15,0.000444391775789536,0.04
425,"whether",15,0.000444391775789536,0.04
426,"afraid",14,0.000414765657403567,0.04
427,"carefully",14,0.000414765657403567,0.04
428,"curiously",14,0.000414765657403567,0.04
429,"dare",14,0.000414765657403567,0.04
430,"detective",14,0.000414765657403567,0.04
431,"drily",14,0.000414765657403567,0.04
432,"easy",14,0.000414765657403567,0.04
433,"fire",14,0.000414765657403567,0.04
434,"flung",14,0.000414765657403567,0.04
435,"glance",14,0.000414765657403567,0.04
436,"hair",14,0.000414765657403567,0.04
437,"hour",14,0.000414765657403567,0.04
438,"latter",14,0.000414765657403567,0.04
439,"lay",14,0.000414765657403567,0.04
440,"leaving",14,0.000414765657403567,0.04
441,"lot",14,0.000414765657403567,0.04
442,"making",14,0.000414765657403567,0.04
443,"matters",14,0.000414765657403567,0.04
444,"mead",14,0.000414765657403567,0.04
445,"mine",14,0.000414765657403567,0.04
446,"part",14,0.000414765657403567,0.04
447,"quiet",14,0.000414765657403567,0.04
448,"received",14,0.000414765657403567,0.04
449,"remarked",14,0.000414765657403567,0.04
450,"reply",14,0.000414765657403567,0.04
451,"returned",14,0.000414765657403567,0.04
452,"saying",14,0.000414765657403567,0.04
453,"sent",14,0.000414765657403567,0.04
454,"slightly",14,0.000414765657403567,0.04
455,"sometimes",14,0.000414765657403567,0.04
456,"speaking",14,0.000414765657403567,0.04
457,"stop",14,0.000414765657403567,0.04
458,"wait",14,0.000414765657403567,0.04
459,"wonderful",14,0.000414765657403567,0.04
460,"work",14,0.000414765657403567,0.04
461,"beside",13,0.000385139539017598,0.04
462,"bit",13,0.000385139539017598,0.04
463,"broke",13,0.000385139539017598,0.04
464,"easily",13,0.000385139539017598,0.04
465,"explained",13,0.000385139539017598,0.04
466,"eyebrows",13,0.000385139539017598,0.04
467,"facts",13,0.000385139539017598,0.04
468,"faint",13,0.000385139539017598,0.04
469,"feel",13,0.000385139539017598,0.04
470,"feeling",13,0.000385139539017598,0.04
471,"george",13,0.000385139539017598,0.04
472,"gesture",13,0.000385139539017598,0.04
473,"greek",13,0.000385139539017598,0.04
474,"laid",13,0.000385139539017598,0.04
475,"lips",13,0.000385139539017598,0.04
476,"particular",13,0.000385139539017598,0.04
477,"past",13,0.000385139539017598,0.04
478,"please",13,0.000385139539017598,0.04
479,"probably",13,0.000385139539017598,0.04
480,"red",13,0.000385139539017598,0.04
481,"ritz",13,0.000385139539017598,0.04
482,"says",13,0.000385139539017598,0.04
483,"smiling",13,0.000385139539017598,0.04
484,"standing",13,0.000385139539017598,0.04
485,"strange",13,0.000385139539017598,0.04
486,"theory",13,0.000385139539017598,0.04
487,"trying",13,0.000385139539017598,0.04
488,"turn",13,0.000385139539017598,0.04
489,"twice",13,0.000385139539017598,0.04
490,"waiting",13,0.000385139539017598,0.04
491,"added",12,0.000355513420631629,0.04
492,"alibi",12,0.000355513420631629,0.04
493,"arrested",12,0.000355513420631629,0.04
494,"aside",12,0.000355513420631629,0.04
495,"bring",12,0.000355513420631629,0.04
496,"care",12,0.000355513420631629,0.04
497,"cast",12,0.000355513420631629,0.04
498,"change",12,0.000355513420631629,0.04
499,"completely",12,0.000355513420631629,0.04
500,"days",12,0.000355513420631629,0.04
501,"desk",12,0.000355513420631629,0.04
502,"discreet",12,0.000355513420631629,0.04
503,"fond",12,0.000355513420631629,0.04
504,"four",12,0.000355513420631629,0.04
505,"full",12,0.000355513420631629,0.04
506,"getting",12,0.000355513420631629,0.04
507,"happen",12,0.000355513420631629,0.04
508,"interest",12,0.000355513420631629,0.04
509,"journey",12,0.000355513420631629,0.04
510,"likely",12,0.000355513420631629,0.04
511,"line",12,0.000355513420631629,0.04
512,"listen",12,0.000355513420631629,0.04
513,"makes",12,0.000355513420631629,0.04
514,"murderer",12,0.000355513420631629,0.04
515,"muttered",12,0.000355513420631629,0.04
516,"natural",12,0.000355513420631629,0.04
517,"notice",12,0.000355513420631629,0.04
518,"observed",12,0.000355513420631629,0.04
519,"opposite",12,0.000355513420631629,0.04
520,"paper",12,0.000355513420631629,0.04
521,"real",12,0.000355513420631629,0.04
522,"return",12,0.000355513420631629,0.04
523,"rich",12,0.000355513420631629,0.04
524,"rufus",12,0.000355513420631629,0.04
525,"serious",12,0.000355513420631629,0.04
526,"shoulder",12,0.000355513420631629,0.04
527,"simple",12,0.000355513420631629,0.04
528,"temperament",12,0.000355513420631629,0.04
529,"tennis",12,0.000355513420631629,0.04
530,"whole",12,0.000355513420631629,0.04
531,"whose",12,0.000355513420631629,0.04
532,"admitted",11,0.00032588730224566,0.03
533,"afterwards",11,0.00032588730224566,0.03
534,"aware",11,0.00032588730224566,0.03
535,"breath",11,0.00032588730224566,0.03
536,"brought",11,0.00032588730224566,0.03
537,"brown",11,0.00032588730224566,0.03
538,"carriage",11,0.00032588730224566,0.03
539,"ceiling",11,0.00032588730224566,0.03
540,"changed",11,0.00032588730224566,0.03
541,"charming",11,0.00032588730224566,0.03
542,"complete",11,0.00032588730224566,0.03
543,"concerned",11,0.00032588730224566,0.03
544,"coughed",11,0.00032588730224566,0.03
545,"couple",11,0.00032588730224566,0.03
546,"cousin",11,0.00032588730224566,0.03
547,"curzon",11,0.00032588730224566,0.03
548,"cut",11,0.00032588730224566,0.03
549,"damned",11,0.00032588730224566,0.03
550,"difficulty",11,0.00032588730224566,0.03
551,"dressed",11,0.00032588730224566,0.03
552,"else",11,0.00032588730224566,0.03
553,"evans",11,0.00032588730224566,0.03
554,"fancy",11,0.00032588730224566,0.03
555,"goes",11,0.00032588730224566,0.03
556,"harrison",11,0.00032588730224566,0.03
557,"home",11,0.00032588730224566,0.03
558,"immediately",11,0.00032588730224566,0.03
559,"impossible",11,0.00032588730224566,0.03
560,"joined",11,0.00032588730224566,0.03
561,"late",11,0.00032588730224566,0.03
562,"longer",11,0.00032588730224566,0.03
563,"mentioned",11,0.00032588730224566,0.03
564,"mistaken",11,0.00032588730224566,0.03
565,"mon",11,0.00032588730224566,0.03
566,"necessary",11,0.00032588730224566,0.03
567,"outside",11,0.00032588730224566,0.03
568,"pleasure",11,0.00032588730224566,0.03
569,"questions",11,0.00032588730224566,0.03
570,"safe",11,0.00032588730224566,0.03
571,"sensible",11,0.00032588730224566,0.03
572,"showed",11,0.00032588730224566,0.03
573,"sighed",11,0.00032588730224566,0.03
574,"simply",11,0.00032588730224566,0.03
575,"somewhat",11,0.00032588730224566,0.03
576,"son",11,0.00032588730224566,0.03
577,"spoken",11,0.00032588730224566,0.03
578,"stranger",11,0.00032588730224566,0.03
579,"suggested",11,0.00032588730224566,0.03
580,"suit",11,0.00032588730224566,0.03
581,"tall",11,0.00032588730224566,0.03
582,"trouble",11,0.00032588730224566,0.03
583,"wants",11,0.00032588730224566,0.03
584,"war",11,0.00032588730224566,0.03
585,"actually",10,0.000296261183859691,0.03
586,"agree",10,0.000296261183859691,0.03
587,"appearance",10,0.000296261183859691,0.03
588,"appeared",10,0.000296261183859691,0.03
589,"basket",10,0.000296261183859691,0.03
590,"careful",10,0.000296261183859691,0.03
591,"clear",10,0.000296261183859691,0.03
592,"clerk",10,0.000296261183859691,0.03
593,"darned",10,0.000296261183859691,0.03
594,"declared",10,0.000296261183859691,0.03
595,"deep",10,0.000296261183859691,0.03
596,"departed",10,0.000296261183859691,0.03
597,"doesn",10,0.000296261183859691,0.03
598,"entirely",10,0.000296261183859691,0.03
599,"gare",10,0.000296261183859691,0.03
600,"glanced",10,0.000296261183859691,0.03
601,"guess",10,0.000296261183859691,0.03
602,"kept",10,0.000296261183859691,0.03
603,"large",10,0.000296261183859691,0.03
604,"laugh",10,0.000296261183859691,0.03
605,"leconbury",10,0.000296261183859691,0.03
606,"letters",10,0.000296261183859691,0.03
607,"listened",10,0.000296261183859691,0.03
608,"luck",10,0.000296261183859691,0.03
609,"moved",10,0.000296261183859691,0.03
610,"overcoat",10,0.000296261183859691,0.03
611,"rang",10,0.000296261183859691,0.03
612,"realized",10,0.000296261183859691,0.03
613,"self",10,0.000296261183859691,0.03
614,"send",10,0.000296261183859691,0.03
615,"service",10,0.000296261183859691,0.03
616,"shaking",10,0.000296261183859691,0.03
617,"sigh",10,0.000296261183859691,0.03
618,"sort",10,0.000296261183859691,0.03
619,"surely",10,0.000296261183859691,0.03
620,"suspected",10,0.000296261183859691,0.03
621,"taking",10,0.000296261183859691,0.03
622,"try",10,0.000296261183859691,0.03
623,"valet",10,0.000296261183859691,0.03
624,"view",10,0.000296261183859691,0.03
625,"visitor",10,0.000296261183859691,0.03
626,"worth",10,0.000296261183859691,0.03
627,"adjoining",9,0.000266635065473722,0.03
628,"admit",9,0.000266635065473722,0.03
629,"afternoon",9,0.000266635065473722,0.03
630,"angrily",9,0.000266635065473722,0.03
631,"arranged",9,0.000266635065473722,0.03
632,"astonishment",9,0.000266635065473722,0.03
633,"attempt",9,0.000266635065473722,0.03
634,"awkward",9,0.000266635065473722,0.03
635,"badly",9,0.000266635065473722,0.03
636,"became",9,0.000266635065473722,0.03
637,"bed",9,0.000266635065473722,0.03
638,"bell",9,0.000266635065473722,0.03
639,"charm",9,0.000266635065473722,0.03
640,"clever",9,0.000266635065473722,0.03
641,"coffee",9,0.000266635065473722,0.03
642,"comes",9,0.000266635065473722,0.03
643,"corner",9,0.000266635065473722,0.03
644,"drawn",9,0.000266635065473722,0.03
645,"either",9,0.000266635065473722,0.03
646,"expect",9,0.000266635065473722,0.03
647,"expected",9,0.000266635065473722,0.03
648,"experience",9,0.000266635065473722,0.03
649,"extraordinary",9,0.000266635065473722,0.03
650,"extremely",9,0.000266635065473722,0.03
651,"famous",9,0.000266635065473722,0.03
652,"fine",9,0.000266635065473722,0.03
653,"foreign",9,0.000266635065473722,0.03
654,"fortune",9,0.000266635065473722,0.03
655,"front",9,0.000266635065473722,0.03
656,"goods",9,0.000266635065473722,0.03
657,"happy",9,0.000266635065473722,0.03
658,"hesitated",9,0.000266635065473722,0.03
659,"ideas",9,0.000266635065473722,0.03
660,"importance",9,0.000266635065473722,0.03
661,"interested",9,0.000266635065473722,0.03
662,"interview",9,0.000266635065473722,0.03
663,"keenly",9,0.000266635065473722,0.03
664,"lyon",9,0.000266635065473722,0.03
665,"months",9,0.000266635065473722,0.03
666,"nature",9,0.000266635065473722,0.03
667,"note",9,0.000266635065473722,0.03
668,"offer",9,0.000266635065473722,0.03
669,"order",9,0.000266635065473722,0.03
670,"parcel",9,0.000266635065473722,0.03
671,"platform",9,0.000266635065473722,0.03
672,"position",9,0.000266635065473722,0.03
673,"possibly",9,0.000266635065473722,0.03
674,"private",9,0.000266635065473722,0.03
675,"robbery",9,0.000266635065473722,0.03
676,"savoy",9,0.000266635065473722,0.03
677,"seeing",9,0.000266635065473722,0.03
678,"servant",9,0.000266635065473722,0.03
679,"show",9,0.000266635065473722,0.03
680,"soft",9,0.000266635065473722,0.03
681,"sorry",9,0.000266635065473722,0.03
682,"staying",9,0.000266635065473722,0.03
683,"stepped",9,0.000266635065473722,0.03
684,"stick",9,0.000266635065473722,0.03
685,"telling",9,0.000266635065473722,0.03
686,"terrace",9,0.000266635065473722,0.03
687,"travelling",9,0.000266635065473722,0.03
688,"upstairs",9,0.000266635065473722,0.03
689,"use",9,0.000266635065473722,0.03
690,"act",8,0.000237008947087753,0.02
691,"action",8,0.000237008947087753,0.02
692,"addressed",8,0.000237008947087753,0.02
693,"amused",8,0.000237008947087753,0.02
694,"anxious",8,0.000237008947087753,0.02
695,"arm",8,0.000237008947087753,0.02
696,"assure",8,0.000237008947087753,0.02
697,"berth",8,0.000237008947087753,0.02
698,"blow",8,0.000237008947087753,0.02
699,"book",8,0.000237008947087753,0.02
700,"born",8,0.000237008947087753,0.02
701,"bought",8,0.000237008947087753,0.02
702,"box",8,0.000237008947087753,0.02
703,"breakfast",8,0.000237008947087753,0.02
704,"brief",8,0.000237008947087753,0.02
705,"calm",8,0.000237008947087753,0.02
706,"carlo",8,0.000237008947087753,0.02
707,"casino",8,0.000237008947087753,0.02
708,"cat",8,0.000237008947087753,0.02
709,"caught",8,0.000237008947087753,0.02
710,"child",8,0.000237008947087753,0.02
711,"circumstances",8,0.000237008947087753,0.02
712,"coincidence",8,0.000237008947087753,0.02
713,"committed",8,0.000237008947087753,0.02
714,"cook",8,0.000237008947087753,0.02
715,"dieu",8,0.000237008947087753,0.02
716,"drawing",8,0.000237008947087753,0.02
717,"dropped",8,0.000237008947087753,0.02
718,"early",8,0.000237008947087753,0.02
719,"earnestly",8,0.000237008947087753,0.02
720,"excuse",8,0.000237008947087753,0.02
721,"figure",8,0.000237008947087753,0.02
722,"fingers",8,0.000237008947087753,0.02
723,"given",8,0.000237008947087753,0.02
724,"gravely",8,0.000237008947087753,0.02
725,"grimly",8,0.000237008947087753,0.02
726,"hall",8,0.000237008947087753,0.02
727,"hint",8,0.000237008947087753,0.02
728,"isn",8,0.000237008947087753,0.02
729,"led",8,0.000237008947087753,0.02
730,"less",8,0.000237008947087753,0.02
731,"lie",8,0.000237008947087753,0.02
732,"lord",8,0.000237008947087753,0.02
733,"lose",8,0.000237008947087753,0.02
734,"mad",8,0.000237008947087753,0.02
735,"means",8,0.000237008947087753,0.02
736,"monte",8,0.000237008947087753,0.02
737,"morrow",8,0.000237008947087753,0.02
738,"mouth",8,0.000237008947087753,0.02
739,"nearly",8,0.000237008947087753,0.02
740,"nod",8,0.000237008947087753,0.02
741,"nonsense",8,0.000237008947087753,0.02
742,"nose",8,0.000237008947087753,0.02
743,"nowadays",8,0.000237008947087753,0.02
744,"olga",8,0.000237008947087753,0.02
745,"others",8,0.000237008947087753,0.02
746,"pair",8,0.000237008947087753,0.02
747,"pardon",8,0.000237008947087753,0.02
748,"passing",8,0.000237008947087753,0.02
749,"picked",8,0.000237008947087753,0.02
750,"placed",8,0.000237008947087753,0.02
751,"plan",8,0.000237008947087753,0.02
752,"pleasant",8,0.000237008947087753,0.02
753,"possession",8,0.000237008947087753,0.02
754,"prepared",8,0.000237008947087753,0.02
755,"profession",8,0.000237008947087753,0.02
756,"queer",8,0.000237008947087753,0.02
757,"reached",8,0.000237008947087753,0.02
758,"reflected",8,0.000237008947087753,0.02
759,"reflectively",8,0.000237008947087753,0.02
760,"ruthie",8,0.000237008947087753,0.02
761,"sake",8,0.000237008947087753,0.02
762,"shot",8,0.000237008947087753,0.02
763,"shut",8,0.000237008947087753,0.02
764,"silent",8,0.000237008947087753,0.02
765,"spite",8,0.000237008947087753,0.02
766,"spot",8,0.000237008947087753,0.02
767,"statement",8,0.000237008947087753,0.02
768,"station",8,0.000237008947087753,0.02
769,"stones",8,0.000237008947087753,0.02
770,"supposing",8,0.000237008947087753,0.02
771,"suspicion",8,0.000237008947087753,0.02
772,"telegram",8,0.000237008947087753,0.02
773,"thin",8,0.000237008947087753,0.02
774,"thus",8,0.000237008947087753,0.02
775,"touch",8,0.000237008947087753,0.02
776,"twinkling",8,0.000237008947087753,0.02
777,"type",8,0.000237008947087753,0.02
778,"unless",8,0.000237008947087753,0.02
779,"upset",8,0.000237008947087753,0.02
780,"useful",8,0.000237008947087753,0.02
781,"walking",8,0.000237008947087753,0.02
782,"watching",8,0.000237008947087753,0.02
783,"ways",8,0.000237008947087753,0.02
784,"wished",8,0.000237008947087753,0.02
785,"abruptly",7,0.000207382828701783,0.02
786,"amusement",7,0.000207382828701783,0.02
787,"anger",7,0.000207382828701783,0.02
788,"beauty",7,0.000207382828701783,0.02
789,"brows",7,0.000207382828701783,0.02
790,"bureau",7,0.000207382828701783,0.02
791,"busy",7,0.000207382828701783,0.02
792,"carried",7,0.000207382828701783,0.02
793,"chest",7,0.000207382828701783,0.02
794,"cleared",7,0.000207382828701783,0.02
795,"cold",7,0.000207382828701783,0.02
796,"compartments",7,0.000207382828701783,0.02
797,"crossed",7,0.000207382828701783,0.02
798,"devil",7,0.000207382828701783,0.02
799,"die",7,0.000207382828701783,0.02
800,"died",7,0.000207382828701783,0.02
801,"drawer",7,0.000207382828701783,0.02
802,"drove",7,0.000207382828701783,0.02
803,"ear",7,0.000207382828701783,0.02
804,"effect",7,0.000207382828701783,0.02
805,"ellen",7,0.000207382828701783,0.02
806,"emotion",7,0.000207382828701783,0.02
807,"fashion",7,0.000207382828701783,0.02
808,"fell",7,0.000207382828701783,0.02
809,"five",7,0.000207382828701783,0.02
810,"forget",7,0.000207382828701783,0.02
811,"forgotten",7,0.000207382828701783,0.02
812,"france",7,0.000207382828701783,0.02
813,"friendly",7,0.000207382828701783,0.02
814,"frowned",7,0.000207382828701783,0.02
815,"gentlemen",7,0.000207382828701783,0.02
816,"gives",7,0.000207382828701783,0.02
817,"grave",7,0.000207382828701783,0.02
818,"greeted",7,0.000207382828701783,0.02
819,"greeting",7,0.000207382828701783,0.02
820,"handsome",7,0.000207382828701783,0.02
821,"helped",7,0.000207382828701783,0.02
822,"hole",7,0.000207382828701783,0.02
823,"horse",7,0.000207382828701783,0.02
824,"hours",7,0.000207382828701783,0.02
825,"impatiently",7,0.000207382828701783,0.02
826,"important",7,0.000207382828701783,0.02
827,"inquired",7,0.000207382828701783,0.02
828,"intense",7,0.000207382828701783,0.02
829,"juge",7,0.000207382828701783,0.02
830,"keen",7,0.000207382828701783,0.02
831,"kindly",7,0.000207382828701783,0.02
832,"lifted",7,0.000207382828701783,0.02
833,"liked",7,0.000207382828701783,0.02
834,"living",7,0.000207382828701783,0.02
835,"marguerite",7,0.000207382828701783,0.02
836,"mask",7,0.000207382828701783,0.02
837,"meeting",7,0.000207382828701783,0.02
838,"mention",7,0.000207382828701783,0.02
839,"merely",7,0.000207382828701783,0.02
840,"middle",7,0.000207382828701783,0.02
841,"mink",7,0.000207382828701783,0.02
842,"mistake",7,0.000207382828701783,0.02
843,"object",7,0.000207382828701783,0.02
844,"paid",7,0.000207382828701783,0.02
845,"perfect",7,0.000207382828701783,0.02
846,"play",7,0.000207382828701783,0.02
847,"pounds",7,0.000207382828701783,0.02
848,"pressed",7,0.000207382828701783,0.02
849,"ran",7,0.000207382828701783,0.02
850,"realize",7,0.000207382828701783,0.02
851,"remained",7,0.000207382828701783,0.02
852,"remembered",7,0.000207382828701783,0.02
853,"retired",7,0.000207382828701783,0.02
854,"ruby",7,0.000207382828701783,0.02
855,"run",7,0.000207382828701783,0.02
856,"russian",7,0.000207382828701783,0.02
857,"scoundrel",7,0.000207382828701783,0.02
858,"shown",7,0.000207382828701783,0.02
859,"situation",7,0.000207382828701783,0.02
860,"sound",7,0.000207382828701783,0.02
861,"stand",7,0.000207382828701783,0.02
862,"stone",7,0.000207382828701783,0.02
863,"struck",7,0.000207382828701783,0.02
864,"surprised",7,0.000207382828701783,0.02
865,"swept",7,0.000207382828701783,0.02
866,"swung",7,0.000207382828701783,0.02
867,"telephone",7,0.000207382828701783,0.02
868,"thirty",7,0.000207382828701783,0.02
869,"throat",7,0.000207382828701783,0.02
870,"tip",7,0.000207382828701783,0.02
871,"uncomfortable",7,0.000207382828701783,0.02
872,"understood",7,0.000207382828701783,0.02
873,"visit",7,0.000207382828701783,0.02
874,"walk",7,0.000207382828701783,0.02
875,"watch",7,0.000207382828701783,0.02
876,"wondered",7,0.000207382828701783,0.02
877,"worry",7,0.000207382828701783,0.02
878,"year",7,0.000207382828701783,0.02
879,"able",6,0.000177756710315814,0.02
880,"absurd",6,0.000177756710315814,0.02
881,"altogether",6,0.000177756710315814,0.02
882,"ami",6,0.000177756710315814,0.02
883,"amongst",6,0.000177756710315814,0.02
884,"angry",6,0.000177756710315814,0.02
885,"anybody",6,0.000177756710315814,0.02
886,"anyway",6,0.000177756710315814,0.02
887,"arrival",6,0.000177756710315814,0.02
888,"assured",6,0.000177756710315814,0.02
889,"bent",6,0.000177756710315814,0.02
890,"body",6,0.000177756710315814,0.02
891,"bon",6,0.000177756710315814,0.02
892,"cared",6,0.000177756710315814,0.02
893,"class",6,0.000177756710315814,0.02
894,"closely",6,0.000177756710315814,0.02
895,"commissaire",6,0.000177756710315814,0.02
896,"company",6,0.000177756710315814,0.02
897,"confidence",6,0.000177756710315814,0.02
898,"convinced",6,0.000177756710315814,0.02
899,"cool",6,0.000177756710315814,0.02
900,"correct",6,0.000177756710315814,0.02
901,"cough",6,0.000177756710315814,0.02
902,"countenance",6,0.000177756710315814,0.02
903,"courage",6,0.000177756710315814,0.02
904,"curt",6,0.000177756710315814,0.02
905,"decision",6,0.000177756710315814,0.02
906,"detached",6,0.000177756710315814,0.02
907,"details",6,0.000177756710315814,0.02
908,"driving",6,0.000177756710315814,0.02
909,"earth",6,0.000177756710315814,0.02
910,"ease",6,0.000177756710315814,0.02
911,"except",6,0.000177756710315814,0.02
912,"exclamation",6,0.000177756710315814,0.02
913,"explanations",6,0.000177756710315814,0.02
914,"expressed",6,0.000177756710315814,0.02
915,"eye",6,0.000177756710315814,0.02
916,"fair",6,0.000177756710315814,0.02
917,"family",6,0.000177756710315814,0.02
918,"fear",6,0.000177756710315814,0.02
919,"following",6,0.000177756710315814,0.02
920,"free",6,0.000177756710315814,0.02
921,"gardens",6,0.000177756710315814,0.02
922,"gaze",6,0.000177756710315814,0.02
923,"gets",6,0.000177756710315814,0.02
924,"harsh",6,0.000177756710315814,0.02
925,"horrible",6,0.000177756710315814,0.02
926,"hospital",6,0.000177756710315814,0.02
927,"innocent",6,0.000177756710315814,0.02
928,"instructions",6,0.000177756710315814,0.02
929,"intelligent",6,0.000177756710315814,0.02
930,"kidd",6,0.000177756710315814,0.02
931,"knowing",6,0.000177756710315814,0.02
932,"krassnine",6,0.000177756710315814,0.02
933,"ladies",6,0.000177756710315814,0.02
934,"limp",6,0.000177756710315814,0.02
935,"listening",6,0.000177756710315814,0.02
936,"looks",6,0.000177756710315814,0.02
937,"lunching",6,0.000177756710315814,0.02
938,"lying",6,0.000177756710315814,0.02
939,"marina",6,0.000177756710315814,0.02
940,"marvellous",6,0.000177756710315814,0.02
941,"mechanically",6,0.000177756710315814,0.02
942,"message",6,0.000177756710315814,0.02
943,"mimosa",6,0.000177756710315814,0.02
944,"month",6,0.000177756710315814,0.02
945,"morocco",6,0.000177756710315814,0.02
946,"neither",6,0.000177756710315814,0.02
947,"newspapers",6,0.000177756710315814,0.02
948,"none",6,0.000177756710315814,0.02
949,"notes",6,0.000177756710315814,0.02
950,"office",6,0.000177756710315814,0.02
951,"often",6,0.000177756710315814,0.02
952,"ones",6,0.000177756710315814,0.02
953,"opportunity",6,0.000177756710315814,0.02
954,"orange",6,0.000177756710315814,0.02
955,"ordered",6,0.000177756710315814,0.02
956,"original",6,0.000177756710315814,0.02
957,"pale",6,0.000177756710315814,0.02
958,"papers",6,0.000177756710315814,0.02
959,"pay",6,0.000177756710315814,0.02
960,"permit",6,0.000177756710315814,0.02
961,"personality",6,0.000177756710315814,0.02
962,"piece",6,0.000177756710315814,0.02
963,"pink",6,0.000177756710315814,0.02
964,"placidly",6,0.000177756710315814,0.02
965,"plain",6,0.000177756710315814,0.02
966,"plans",6,0.000177756710315814,0.02
967,"post",6,0.000177756710315814,0.02
968,"practical",6,0.000177756710315814,0.02
969,"precisely",6,0.000177756710315814,0.02
970,"presence",6,0.000177756710315814,0.02
971,"puzzled",6,0.000177756710315814,0.02
972,"rapidly",6,0.000177756710315814,0.02
973,"recognized",6,0.000177756710315814,0.02
974,"richard",6,0.000177756710315814,0.02
975,"roman",6,0.000177756710315814,0.02
976,"ruined",6,0.000177756710315814,0.02
977,"samuel",6,0.000177756710315814,0.02
978,"satisfaction",6,0.000177756710315814,0.02
979,"sea",6,0.000177756710315814,0.02
980,"shock",6,0.000177756710315814,0.02
981,"sight",6,0.000177756710315814,0.02
982,"society",6,0.000177756710315814,0.02
983,"somehow",6,0.000177756710315814,0.02
984,"startled",6,0.000177756710315814,0.02
985,"stockings",6,0.000177756710315814,0.02
986,"stolen",6,0.000177756710315814,0.02
987,"strolled",6,0.000177756710315814,0.02
988,"strong",6,0.000177756710315814,0.02
989,"strongly",6,0.000177756710315814,0.02
990,"suite",6,0.000177756710315814,0.02
991,"sum",6,0.000177756710315814,0.02
992,"sunshine",6,0.000177756710315814,0.02
993,"suspect",6,0.000177756710315814,0.02
994,"sympathetic",6,0.000177756710315814,0.02
995,"terrible",6,0.000177756710315814,0.02
996,"tickets",6,0.000177756710315814,0.02
997,"trust",6,0.000177756710315814,0.02
998,"tuesday",6,0.000177756710315814,0.02
999,"twenty",6,0.000177756710315814,0.02
1000,"uneasy",6,0.000177756710315814,0.02
1001,"unlikely",6,0.000177756710315814,0.02
1002,"venerable",6,0.000177756710315814,0.02
1003,"victoria",6,0.000177756710315814,0.02
1004,"violently",6,0.000177756710315814,0.02
1005,"warning",6,0.000177756710315814,0.02
1006,"wouldn",6,0.000177756710315814,0.02
1007,"wrapped",6,0.000177756710315814,0.02
1008,"written",6,0.000177756710315814,0.02
1009,"aback",5,0.000148130591929845,0.01
1010,"accident",5,0.000148130591929845,0.01
1011,"according",5,0.000148130591929845,0.01
1012,"account",5,0.000148130591929845,0.01
1013,"acted",5,0.000148130591929845,0.01
1014,"advantage",5,0.000148130591929845,0.01
1015,"advice",5,0.000148130591929845,0.01
1016,"affairs",5,0.000148130591929845,0.01
1017,"age",5,0.000148130591929845,0.01
1018,"agreeable",5,0.000148130591929845,0.01
1019,"alive",5,0.000148130591929845,0.01
1020,"annoyed",5,0.000148130591929845,0.01
1021,"apologies",5,0.000148130591929845,0.01
1022,"aristocratic",5,0.000148130591929845,0.01
1023,"arms",5,0.000148130591929845,0.01
1024,"arrange",5,0.000148130591929845,0.01
1025,"attractive",5,0.000148130591929845,0.01
1026,"auburn",5,0.000148130591929845,0.01
1027,"bare",5,0.000148130591929845,0.01
1028,"beamed",5,0.000148130591929845,0.01
1029,"become",5,0.000148130591929845,0.01
1030,"beforehand",5,0.000148130591929845,0.01
1031,"bet",5,0.000148130591929845,0.01
1032,"bow",5,0.000148130591929845,0.01
1033,"bowed",5,0.000148130591929845,0.01
1034,"break",5,0.000148130591929845,0.01
1035,"build",5,0.000148130591929845,0.01
1036,"buttons",5,0.000148130591929845,0.01
1037,"calls",5,0.000148130591929845,0.01
1038,"cap",5,0.000148130591929845,0.01
1039,"carelessly",5,0.000148130591929845,0.01
1040,"character",5,0.000148130591929845,0.01
1041,"charge",5,0.000148130591929845,0.01
1042,"checked",5,0.000148130591929845,0.01
1043,"children",5,0.000148130591929845,0.01
1044,"chin",5,0.000148130591929845,0.01
1045,"cloak",5,0.000148130591929845,0.01
1046,"close",5,0.000148130591929845,0.01
1047,"closed",5,0.000148130591929845,0.01
1048,"coloured",5,0.000148130591929845,0.01
1049,"communication",5,0.000148130591929845,0.01
1050,"country",5,0.000148130591929845,0.01
1051,"court",5,0.000148130591929845,0.01
1052,"criminal",5,0.000148130591929845,0.01
1053,"curtly",5,0.000148130591929845,0.01
1054,"dangerous",5,0.000148130591929845,0.01
1055,"darling",5,0.000148130591929845,0.01
1056,"dealer",5,0.000148130591929845,0.01
1057,"delightful",5,0.000148130591929845,0.01
1058,"departure",5,0.000148130591929845,0.01
1059,"desire",5,0.000148130591929845,0.01
1060,"direction",5,0.000148130591929845,0.01
1061,"discreetly",5,0.000148130591929845,0.01
1062,"disfigured",5,0.000148130591929845,0.01
1063,"doorway",5,0.000148130591929845,0.01
1064,"dressing",5,0.000148130591929845,0.01
1065,"ears",5,0.000148130591929845,0.01
1066,"egg",5,0.000148130591929845,0.01
1067,"elbow",5,0.000148130591929845,0.01
1068,"empty",5,0.000148130591929845,0.01
1069,"enjoy",5,0.000148130591929845,0.01
1070,"est",5,0.000148130591929845,0.01
1071,"exclaimed",5,0.000148130591929845,0.01
1072,"eyed",5,0.000148130591929845,0.01
1073,"faced",5,0.000148130591929845,0.01
1074,"false",5,0.000148130591929845,0.01
1075,"familiar",5,0.000148130591929845,0.01
1076,"fascination",5,0.000148130591929845,0.01
1077,"fight",5,0.000148130591929845,0.01
1078,"finally",5,0.000148130591929845,0.01
1079,"fist",5,0.000148130591929845,0.01
1080,"followed",5,0.000148130591929845,0.01
1081,"forefinger",5,0.000148130591929845,0.01
1082,"form",5,0.000148130591929845,0.01
1083,"fresh",5,0.000148130591929845,0.01
1084,"frightened",5,0.000148130591929845,0.01
1085,"frowning",5,0.000148130591929845,0.01
1086,"fur",5,0.000148130591929845,0.01
1087,"glass",5,0.000148130591929845,0.01
1088,"green",5,0.000148130591929845,0.01
1089,"hadn",5,0.000148130591929845,0.01
1090,"handbag",5,0.000148130591929845,0.01
1091,"happening",5,0.000148130591929845,0.01
1092,"happens",5,0.000148130591929845,0.01
1093,"hesitation",5,0.000148130591929845,0.01
1094,"hoped",5,0.000148130591929845,0.01
1095,"human",5,0.000148130591929845,0.01
1096,"humour",5,0.000148130591929845,0.01
1097,"hurried",5,0.000148130591929845,0.01
1098,"impertinent",5,0.000148130591929845,0.01
1099,"inclined",5,0.000148130591929845,0.01
1100,"interrupted",5,0.000148130591929845,0.01
1101,"jane",5,0.000148130591929845,0.01
1102,"judge",5,0.000148130591929845,0.01
1103,"judgment",5,0.000148130591929845,0.01
1104,"kitty",5,0.000148130591929845,0.01
1105,"knees",5,0.000148130591929845,0.01
1106,"knock",5,0.000148130591929845,0.01
1107,"lately",5,0.000148130591929845,0.01
1108,"leaning",5,0.000148130591929845,0.01
1109,"learn",5,0.000148130591929845,0.01
1110,"letting",5,0.000148130591929845,0.01
1111,"lightly",5,0.000148130591929845,0.01
1112,"lip",5,0.000148130591929845,0.01
1113,"lit",5,0.000148130591929845,0.01
1114,"loved",5,0.000148130591929845,0.01
1115,"manage",5,0.000148130591929845,0.01
1116,"marry",5,0.000148130591929845,0.01
1117,"meal",5,0.000148130591929845,0.01
1118,"mediterranean",5,0.000148130591929845,0.01
1119,"messieurs",5,0.000148130591929845,0.01
1120,"million",5,0.000148130591929845,0.01
1121,"millions",5,0.000148130591929845,0.01
1122,"mirror",5,0.000148130591929845,0.01
1123,"mock",5,0.000148130591929845,0.01
1124,"mused",5,0.000148130591929845,0.01
1125,"neatly",5,0.000148130591929845,0.01
1126,"neck",5,0.000148130591929845,0.01
1127,"negresco",5,0.000148130591929845,0.01
1128,"newspaper",5,0.000148130591929845,0.01
1129,"nine",5,0.000148130591929845,0.01
1130,"occasions",5,0.000148130591929845,0.01
1131,"occurred",5,0.000148130591929845,0.01
1132,"offered",5,0.000148130591929845,0.01
1133,"opinion",5,0.000148130591929845,0.01
1134,"ordinary",5,0.000148130591929845,0.01
1135,"pain",5,0.000148130591929845,0.01
1136,"pass",5,0.000148130591929845,0.01
1137,"passengers",5,0.000148130591929845,0.01
1138,"picture",5,0.000148130591929845,0.01
1139,"pigeon",5,0.000148130591929845,0.01
1140,"policier",5,0.000148130591929845,0.01
1141,"polite",5,0.000148130591929845,0.01
1142,"politeness",5,0.000148130591929845,0.01
1143,"portrait",5,0.000148130591929845,0.01
1144,"possibilities",5,0.000148130591929845,0.01
1145,"pray",5,0.000148130591929845,0.01
1146,"prefer",5,0.000148130591929845,0.01
1147,"preparing",5,0.000148130591929845,0.01
1148,"proceeded",5,0.000148130591929845,0.01
1149,"produced",5,0.000148130591929845,0.01
1150,"profit",5,0.000148130591929845,0.01
1151,"promptly",5,0.000148130591929845,0.01
1152,"proof",5,0.000148130591929845,0.01
1153,"public",5,0.000148130591929845,0.01
1154,"pulled",5,0.000148130591929845,0.01
1155,"pushed",5,0.000148130591929845,0.01
1156,"rage",5,0.000148130591929845,0.01
1157,"rate",5,0.000148130591929845,0.01
1158,"rats",5,0.000148130591929845,0.01
1159,"reasons",5,0.000148130591929845,0.01
1160,"receiver",5,0.000148130591929845,0.01
1161,"refused",5,0.000148130591929845,0.01
1162,"repeated",5,0.000148130591929845,0.01
1163,"reputation",5,0.000148130591929845,0.01
1164,"ring",5,0.000148130591929845,0.01
1165,"robber",5,0.000148130591929845,0.01
1166,"rosalie",5,0.000148130591929845,0.01
1167,"running",5,0.000148130591929845,0.01
1168,"saint",5,0.000148130591929845,0.01
1169,"salon",5,0.000148130591929845,0.01
1170,"scarlet",5,0.000148130591929845,0.01
1171,"seemingly",5,0.000148130591929845,0.01
1172,"seldom",5,0.000148130591929845,0.01
1173,"sharp",5,0.000148130591929845,0.01
1174,"shop",5,0.000148130591929845,0.01
1175,"short",5,0.000148130591929845,0.01
1176,"shrewd",5,0.000148130591929845,0.01
1177,"sign",5,0.000148130591929845,0.01
1178,"slight",5,0.000148130591929845,0.01
1179,"slow",5,0.000148130591929845,0.01
1180,"social",5,0.000148130591929845,0.01
1181,"softened",5,0.000148130591929845,0.01
1182,"somebody",5,0.000148130591929845,0.01
1183,"speaks",5,0.000148130591929845,0.01
1184,"speed",5,0.000148130591929845,0.01
1185,"spirit",5,0.000148130591929845,0.01
1186,"sprang",5,0.000148130591929845,0.01
1187,"start",5,0.000148130591929845,0.01
1188,"steadily",5,0.000148130591929845,0.01
1189,"steak",5,0.000148130591929845,0.01
1190,"stole",5,0.000148130591929845,0.01
1191,"swear",5,0.000148130591929845,0.01
1192,"sweet",5,0.000148130591929845,0.01
1193,"sympathetically",5,0.000148130591929845,0.01
1194,"sympathy",5,0.000148130591929845,0.01
1195,"talked",5,0.000148130591929845,0.01
1196,"thick",5,0.000148130591929845,0.01
1197,"third",5,0.000148130591929845,0.01
1198,"thoroughly",5,0.000148130591929845,0.01
1199,"thrown",5,0.000148130591929845,0.01
1200,"title",5,0.000148130591929845,0.01
1201,"tough",5,0.000148130591929845,0.01
1202,"twelve",5,0.000148130591929845,0.01
1203,"unemotionally",5,0.000148130591929845,0.01
1204,"unexpected",5,0.000148130591929845,0.01
1205,"unique",5,0.000148130591929845,0.01
1206,"unlike",5,0.000148130591929845,0.01
1207,"unpleasant",5,0.000148130591929845,0.01
1208,"usually",5,0.000148130591929845,0.01
1209,"uttered",5,0.000148130591929845,0.01
1210,"vague",5,0.000148130591929845,0.01
1211,"viscountess",5,0.000148130591929845,0.01
1212,"wasn",5,0.000148130591929845,0.01
1213,"watched",5,0.000148130591929845,0.01
1214,"wednesday",5,0.000148130591929845,0.01
1215,"whilst",5,0.000148130591929845,0.01
1216,"wide",5,0.000148130591929845,0.01
1217,"wind",5,0.000148130591929845,0.01
1218,"wise",5,0.000148130591929845,0.01
1219,"wondering",5,0.000148130591929845,0.01
1220,"wooden",5,0.000148130591929845,0.01
1221,"wore",5,0.000148130591929845,0.01
1222,"working",5,0.000148130591929845,0.01
1223,"wrote",5,0.000148130591929845,0.01
1224,"yellow",5,0.000148130591929845,0.01
1225,"abroad",4,0.000118504473543876,0.01
1226,"absolute",4,0.000118504473543876,0.01
1227,"accept",4,0.000118504473543876,0.01
1228,"accepted",4,0.000118504473543876,0.01
1229,"accompanied",4,0.000118504473543876,0.01
1230,"accompany",4,0.000118504473543876,0.01
1231,"acquaintance",4,0.000118504473543876,0.01
1232,"address",4,0.000118504473543876,0.01
1233,"advise",4,0.000118504473543876,0.01
1234,"affectionately",4,0.000118504473543876,0.01
1235,"alas",4,0.000118504473543876,0.01
1236,"alert",4,0.000118504473543876,0.01
1237,"alike",4,0.000118504473543876,0.01
1238,"although",4,0.000118504473543876,0.01
1239,"america",4,0.000118504473543876,0.01
1240,"amiable",4,0.000118504473543876,0.01
1241,"announced",4,0.000118504473543876,0.01
1242,"answering",4,0.000118504473543876,0.01
1243,"answers",4,0.000118504473543876,0.01
1244,"anxiety",4,0.000118504473543876,0.01
1245,"anywhere",4,0.000118504473543876,0.01
1246,"apologetically",4,0.000118504473543876,0.01
1247,"apparently",4,0.000118504473543876,0.01
1248,"appreciation",4,0.000118504473543876,0.01
1249,"approval",4,0.000118504473543876,0.01
1250,"aren",4,0.000118504473543876,0.01
1251,"armand",4,0.000118504473543876,0.01
1252,"arrive",4,0.000118504473543876,0.01
1253,"art",4,0.000118504473543876,0.01
1254,"asleep",4,0.000118504473543876,0.01
1255,"assist",4,0.000118504473543876,0.01
1256,"attend",4,0.000118504473543876,0.01
1257,"automne",4,0.000118504473543876,0.01
1258,"autumn",4,0.000118504473543876,0.01
1259,"awaiting",4,0.000118504473543876,0.01
1260,"bag",4,0.000118504473543876,0.01
1261,"bah",4,0.000118504473543876,0.01
1262,"beaming",4,0.000118504473543876,0.01
1263,"bear",4,0.000118504473543876,0.01
1264,"beard",4,0.000118504473543876,0.01
1265,"bedroom",4,0.000118504473543876,0.01
1266,"beg",4,0.000118504473543876,0.01
1267,"belgian",4,0.000118504473543876,0.01
1268,"benign",4,0.000118504473543876,0.01
1269,"besides",4,0.000118504473543876,0.01
1270,"betrayed",4,0.000118504473543876,0.01
1271,"breathed",4,0.000118504473543876,0.01
1272,"bred",4,0.000118504473543876,0.01
1273,"broken",4,0.000118504473543876,0.01
1274,"brow",4,0.000118504473543876,0.01
1275,"buy",4,0.000118504473543876,0.01
1276,"bye",4,0.000118504473543876,0.01
1277,"cannes",4,0.000118504473543876,0.01
1278,"card",4,0.000118504473543876,0.01
1279,"careless",4,0.000118504473543876,0.01
1280,"cases",4,0.000118504473543876,0.01
1281,"cash",4,0.000118504473543876,0.01
1282,"cautiously",4,0.000118504473543876,0.01
1283,"ceinture",4,0.000118504473543876,0.01
1284,"cheeks",4,0.000118504473543876,0.01
1285,"cheerfully",4,0.000118504473543876,0.01
1286,"chief",4,0.000118504473543876,0.01
1287,"coach",4,0.000118504473543876,0.01
1288,"coldly",4,0.000118504473543876,0.01
1289,"colour",4,0.000118504473543876,0.01
1290,"commit",4,0.000118504473543876,0.01
1291,"companion",4,0.000118504473543876,0.01
1292,"companions",4,0.000118504473543876,0.01
1293,"compliments",4,0.000118504473543876,0.01
1294,"conceal",4,0.000118504473543876,0.01
1295,"confirmed",4,0.000118504473543876,0.01
1296,"connecting",4,0.000118504473543876,0.01
1297,"contents",4,0.000118504473543876,0.01
1298,"contrary",4,0.000118504473543876,0.01
1299,"crude",4,0.000118504473543876,0.01
1300,"cup",4,0.000118504473543876,0.01
1301,"cutting",4,0.000118504473543876,0.01
1302,"dance",4,0.000118504473543876,0.01
1303,"danger",4,0.000118504473543876,0.01
1304,"deceived",4,0.000118504473543876,0.01
1305,"decided",4,0.000118504473543876,0.01
1306,"declined",4,0.000118504473543876,0.01
1307,"deeply",4,0.000118504473543876,0.01
1308,"difference",4,0.000118504473543876,0.01
1309,"directly",4,0.000118504473543876,0.01
1310,"disappeared",4,0.000118504473543876,0.01
1311,"disappointed",4,0.000118504473543876,0.01
1312,"discovered",4,0.000118504473543876,0.01
1313,"displayed",4,0.000118504473543876,0.01
1314,"dollars",4,0.000118504473543876,0.01
1315,"double",4,0.000118504473543876,0.01
1316,"doubtfully",4,0.000118504473543876,0.01
1317,"dreaming",4,0.000118504473543876,0.01
1318,"dress",4,0.000118504473543876,0.01
1319,"eagerly",4,0.000118504473543876,0.01
1320,"elderly",4,0.000118504473543876,0.01
1321,"eleven",4,0.000118504473543876,0.01
1322,"embarrassment",4,0.000118504473543876,0.01
1323,"embassy",4,0.000118504473543876,0.01
1324,"employer",4,0.000118504473543876,0.01
1325,"enchanted",4,0.000118504473543876,0.01
1326,"encouragingly",4,0.000118504473543876,0.01
1327,"engagement",4,0.000118504473543876,0.01
1328,"enter",4,0.000118504473543876,0.01
1329,"envelope",4,0.000118504473543876,0.01
1330,"everybody",4,0.000118504473543876,0.01
1331,"excitement",4,0.000118504473543876,0.01
1332,"expecting",4,0.000118504473543876,0.01
1333,"explain",4,0.000118504473543876,0.01
1334,"express",4,0.000118504473543876,0.01
1335,"expression",4,0.000118504473543876,0.01
1336,"faded",4,0.000118504473543876,0.01
1337,"finger",4,0.000118504473543876,0.01
1338,"fixed",4,0.000118504473543876,0.01
1339,"flashed",4,0.000118504473543876,0.01
1340,"flat",4,0.000118504473543876,0.01
1341,"fleeting",4,0.000118504473543876,0.01
1342,"floor",4,0.000118504473543876,0.01
1343,"foi",4,0.000118504473543876,0.01
1344,"foot",4,0.000118504473543876,0.01
1345,"fourth",4,0.000118504473543876,0.01
1346,"francs",4,0.000118504473543876,0.01
1347,"frenchman",4,0.000118504473543876,0.01
1348,"gambling",4,0.000118504473543876,0.01
1349,"game",4,0.000118504473543876,0.01
1350,"gasp",4,0.000118504473543876,0.01
1351,"gentle",4,0.000118504473543876,0.01
1352,"genuine",4,0.000118504473543876,0.01
1353,"girls",4,0.000118504473543876,0.01
1354,"gold",4,0.000118504473543876,0.01
1355,"grand",4,0.000118504473543876,0.01
1356,"greatest",4,0.000118504473543876,0.01
1357,"growled",4,0.000118504473543876,0.01
1358,"guessed",4,0.000118504473543876,0.01
1359,"habit",4,0.000118504473543876,0.01
1360,"haggard",4,0.000118504473543876,0.01
1361,"hairs",4,0.000118504473543876,0.01
1362,"headed",4,0.000118504473543876,0.01
1363,"heartily",4,0.000118504473543876,0.01
1364,"heavily",4,0.000118504473543876,0.01
1365,"heavy",4,0.000118504473543876,0.01
1366,"hell",4,0.000118504473543876,0.01
1367,"hidden",4,0.000118504473543876,0.01
1368,"high",4,0.000118504473543876,0.01
1369,"hon",4,0.000118504473543876,0.01
1370,"honestly",4,0.000118504473543876,0.01
1371,"horror",4,0.000118504473543876,0.01
1372,"hot",4,0.000118504473543876,0.01
1373,"hung",4,0.000118504473543876,0.01
1374,"ill",4,0.000118504473543876,0.01
1375,"imagine",4,0.000118504473543876,0.01
1376,"indicated",4,0.000118504473543876,0.01
1377,"indiscreet",4,0.000118504473543876,0.01
1378,"informed",4,0.000118504473543876,0.01
1379,"instruction",4,0.000118504473543876,0.01
1380,"iron",4,0.000118504473543876,0.01
1381,"ironical",4,0.000118504473543876,0.01
1382,"job",4,0.000118504473543876,0.01
1383,"johnnie",4,0.000118504473543876,0.01
1384,"jump",4,0.000118504473543876,0.01
1385,"keeping",4,0.000118504473543876,0.01
1386,"keyhole",4,0.000118504473543876,0.01
1387,"language",4,0.000118504473543876,0.01
1388,"leg",4,0.000118504473543876,0.01
1389,"lid",4,0.000118504473543876,0.01
1390,"lies",4,0.000118504473543876,0.01
1391,"likes",4,0.000118504473543876,0.01
1392,"lines",4,0.000118504473543876,0.01
1393,"lived",4,0.000118504473543876,0.01
1394,"loss",4,0.000118504473543876,0.01
1395,"lover",4,0.000118504473543876,0.01
1396,"luggage",4,0.000118504473543876,0.01
1397,"lunched",4,0.000118504473543876,0.01
1398,"luncheon",4,0.000118504473543876,0.01
1399,"lunches",4,0.000118504473543876,0.01
1400,"mail",4,0.000118504473543876,0.01
1401,"mais",4,0.000118504473543876,0.01
1402,"marrying",4,0.000118504473543876,0.01
1403,"maybe",4,0.000118504473543876,0.01
1404,"memory",4,0.000118504473543876,0.01
1405,"mere",4,0.000118504473543876,0.01
1406,"methods",4,0.000118504473543876,0.01
1407,"missing",4,0.000118504473543876,0.01
1408,"motive",4,0.000118504473543876,0.01
1409,"mustn",4,0.000118504473543876,0.01
1410,"mystery",4,0.000118504473543876,0.01
1411,"nasty",4,0.000118504473543876,0.01
1412,"nevertheless",4,0.000118504473543876,0.01
1413,"nobody",4,0.000118504473543876,0.01
1414,"nodding",4,0.000118504473543876,0.01
1415,"non",4,0.000118504473543876,0.01
1416,"noted",4,0.000118504473543876,0.01
1417,"number",4,0.000118504473543876,0.01
1418,"occasionally",4,0.000118504473543876,0.01
1419,"older",4,0.000118504473543876,0.01
1420,"opening",4,0.000118504473543876,0.01
1421,"pace",4,0.000118504473543876,0.01
1422,"paced",4,0.000118504473543876,0.01
1423,"package",4,0.000118504473543876,0.01
1424,"passage",4,0.000118504473543876,0.01
1425,"passport",4,0.000118504473543876,0.01
1426,"pavett",4,0.000118504473543876,0.01
1427,"peculiar",4,0.000118504473543876,0.01
1428,"perfume",4,0.000118504473543876,0.01
1429,"phrase",4,0.000118504473543876,0.01
1430,"piccadilly",4,0.000118504473543876,0.01
1431,"pity",4,0.000118504473543876,0.01
1432,"plausible",4,0.000118504473543876,0.01
1433,"playing",4,0.000118504473543876,0.01
1434,"plays",4,0.000118504473543876,0.01
1435,"pointed",4,0.000118504473543876,0.01
1436,"possibility",4,0.000118504473543876,0.01
1437,"power",4,0.000118504473543876,0.01
1438,"presented",4,0.000118504473543876,0.01
1439,"privately",4,0.000118504473543876,0.01
1440,"proposed",4,0.000118504473543876,0.01
1441,"proposition",4,0.000118504473543876,0.01
1442,"prove",4,0.000118504473543876,0.01
1443,"proved",4,0.000118504473543876,0.01
1444,"pullman",4,0.000118504473543876,0.01
1445,"purpose",4,0.000118504473543876,0.01
1446,"putting",4,0.000118504473543876,0.01
1447,"quarter",4,0.000118504473543876,0.01
1448,"reading",4,0.000118504473543876,0.01
1449,"ready",4,0.000118504473543876,0.01
1450,"receive",4,0.000118504473543876,0.01
1451,"recognition",4,0.000118504473543876,0.01
1452,"reflective",4,0.000118504473543876,0.01
1453,"remains",4,0.000118504473543876,0.01
1454,"reproach",4,0.000118504473543876,0.01
1455,"respectful",4,0.000118504473543876,0.01
1456,"resumed",4,0.000118504473543876,0.01
1457,"revoir",4,0.000118504473543876,0.01
1458,"rid",4,0.000118504473543876,0.01
1459,"road",4,0.000118504473543876,0.01
1460,"robbed",4,0.000118504473543876,0.01
1461,"romantic",4,0.000118504473543876,0.01
1462,"rooms",4,0.000118504473543876,0.01
1463,"rugs",4,0.000118504473543876,0.01
1464,"sank",4,0.000118504473543876,0.01
1465,"satisfactory",4,0.000118504473543876,0.01
1466,"save",4,0.000118504473543876,0.01
1467,"scandal",4,0.000118504473543876,0.01
1468,"scene",4,0.000118504473543876,0.01
1469,"screamed",4,0.000118504473543876,0.01
1470,"seated",4,0.000118504473543876,0.01
1471,"secret",4,0.000118504473543876,0.01
1472,"selected",4,0.000118504473543876,0.01
1473,"sentence",4,0.000118504473543876,0.01
1474,"seriously",4,0.000118504473543876,0.01
1475,"settled",4,0.000118504473543876,0.01
1476,"seventeen",4,0.000118504473543876,0.01
1477,"shining",4,0.000118504473543876,0.01
1478,"shocked",4,0.000118504473543876,0.01
1479,"shouldn",4,0.000118504473543876,0.01
1480,"shows",4,0.000118504473543876,0.01
1481,"shutting",4,0.000118504473543876,0.01
1482,"sit",4,0.000118504473543876,0.01
1483,"sixteen",4,0.000118504473543876,0.01
1484,"slackened",4,0.000118504473543876,0.01
1485,"sleep",4,0.000118504473543876,0.01
1486,"slim",4,0.000118504473543876,0.01
1487,"slipped",4,0.000118504473543876,0.01
1488,"solicitors",4,0.000118504473543876,0.01
1489,"solution",4,0.000118504473543876,0.01
1490,"somewhere",4,0.000118504473543876,0.01
1491,"sorting",4,0.000118504473543876,0.01
1492,"soupir",4,0.000118504473543876,0.01
1493,"sphere",4,0.000118504473543876,0.01
1494,"squirrel",4,0.000118504473543876,0.01
1495,"stands",4,0.000118504473543876,0.01
1496,"staring",4,0.000118504473543876,0.01
1497,"state",4,0.000118504473543876,0.01
1498,"steal",4,0.000118504473543876,0.01
1499,"steps",4,0.000118504473543876,0.01
1500,"stuff",4,0.000118504473543876,0.01
1501,"subject",4,0.000118504473543876,0.01
1502,"success",4,0.000118504473543876,0.01
1503,"suggestion",4,0.000118504473543876,0.01
1504,"supposed",4,0.000118504473543876,0.01
1505,"suspicious",4,0.000118504473543876,0.01
1506,"swindler",4,0.000118504473543876,0.01
1507,"tart",4,0.000118504473543876,0.01
1508,"tells",4,0.000118504473543876,0.01
1509,"temper",4,0.000118504473543876,0.01
1510,"tête",4,0.000118504473543876,0.01
1511,"thanks",4,0.000118504473543876,0.01
1512,"thief",4,0.000118504473543876,0.01
1513,"threw",4,0.000118504473543876,0.01
1514,"thrust",4,0.000118504473543876,0.01
1515,"tones",4,0.000118504473543876,0.01
1516,"tongue",4,0.000118504473543876,0.01
1517,"top",4,0.000118504473543876,0.01
1518,"tragedy",4,0.000118504473543876,0.01
1519,"travel",4,0.000118504473543876,0.01
1520,"tray",4,0.000118504473543876,0.01
1521,"très",4,0.000118504473543876,0.01
1522,"tried",4,0.000118504473543876,0.01
1523,"uncertainly",4,0.000118504473543876,0.01
1524,"understanding",4,0.000118504473543876,0.01
1525,"uneasiness",4,0.000118504473543876,0.01
1526,"unfinished",4,0.000118504473543876,0.01
1527,"unwrapped",4,0.000118504473543876,0.01
1528,"urgent",4,0.000118504473543876,0.01
1529,"ushered",4,0.000118504473543876,0.01
1530,"utter",4,0.000118504473543876,0.01
1531,"vaguely",4,0.000118504473543876,0.01
1532,"vicar",4,0.000118504473543876,0.01
1533,"village",4,0.000118504473543876,0.01
1534,"vis",4,0.000118504473543876,0.01
1535,"voilà",4,0.000118504473543876,0.01
1536,"wall",4,0.000118504473543876,0.01
1537,"water",4,0.000118504473543876,0.01
1538,"waved",4,0.000118504473543876,0.01
1539,"week",4,0.000118504473543876,0.01
1540,"whatever",4,0.000118504473543876,0.01
1541,"wild",4,0.000118504473543876,0.01
1542,"winced",4,0.000118504473543876,0.01
1543,"wine",4,0.000118504473543876,0.01
1544,"withdrew",4,0.000118504473543876,0.01
1545,"writing",4,0.000118504473543876,0.01
1546,"abrupt",3,8.88783551579072e-05,0.01
1547,"absence",3,8.88783551579072e-05,0.01
1548,"absolutely",3,8.88783551579072e-05,0.01
1549,"absorption",3,8.88783551579072e-05,0.01
1550,"acquainted",3,8.88783551579072e-05,0.01
1551,"adventure",3,8.88783551579072e-05,0.01
1552,"advised",3,8.88783551579072e-05,0.01
1553,"afford",3,8.88783551579072e-05,0.01
1554,"afresh",3,8.88783551579072e-05,0.01
1555,"agitated",3,8.88783551579072e-05,0.01
1556,"agreement",3,8.88783551579072e-05,0.01
1557,"ahead",3,8.88783551579072e-05,0.01
1558,"aid",3,8.88783551579072e-05,0.01
1559,"allow",3,8.88783551579072e-05,0.01
1560,"allowed",3,8.88783551579072e-05,0.01
1561,"americans",3,8.88783551579072e-05,0.01
1562,"among",3,8.88783551579072e-05,0.01
1563,"antiques",3,8.88783551579072e-05,0.01
1564,"apache",3,8.88783551579072e-05,0.01
1565,"apaches",3,8.88783551579072e-05,0.01
1566,"apartment",3,8.88783551579072e-05,0.01
1567,"apologize",3,8.88783551579072e-05,0.01
1568,"appear",3,8.88783551579072e-05,0.01
1569,"approved",3,8.88783551579072e-05,0.01
1570,"arisen",3,8.88783551579072e-05,0.01
1571,"aristocracy",3,8.88783551579072e-05,0.01
1572,"arrest",3,8.88783551579072e-05,0.01
1573,"artist",3,8.88783551579072e-05,0.01
1574,"asking",3,8.88783551579072e-05,0.01
1575,"assuredly",3,8.88783551579072e-05,0.01
1576,"attach",3,8.88783551579072e-05,0.01
1577,"attitude",3,8.88783551579072e-05,0.01
1578,"awful",3,8.88783551579072e-05,0.01
1579,"awfully",3,8.88783551579072e-05,0.01
1580,"baffled",3,8.88783551579072e-05,0.01
1581,"bang",3,8.88783551579072e-05,0.01
1582,"beds",3,8.88783551579072e-05,0.01
1583,"beginning",3,8.88783551579072e-05,0.01
1584,"believed",3,8.88783551579072e-05,0.01
1585,"believes",3,8.88783551579072e-05,0.01
1586,"beneath",3,8.88783551579072e-05,0.01
1587,"bills",3,8.88783551579072e-05,0.01
1588,"biting",3,8.88783551579072e-05,0.01
1589,"bitterly",3,8.88783551579072e-05,0.01
1590,"blood",3,8.88783551579072e-05,0.01
1591,"blushed",3,8.88783551579072e-05,0.01
1592,"bolted",3,8.88783551579072e-05,0.01
1593,"booked",3,8.88783551579072e-05,0.01
1594,"boris",3,8.88783551579072e-05,0.01
1595,"bowing",3,8.88783551579072e-05,0.01
1596,"boy",3,8.88783551579072e-05,0.01
1597,"boys",3,8.88783551579072e-05,0.01
1598,"brains",3,8.88783551579072e-05,0.01
1599,"bread",3,8.88783551579072e-05,0.01
1600,"breathe",3,8.88783551579072e-05,0.01
1601,"british",3,8.88783551579072e-05,0.01
1602,"brutal",3,8.88783551579072e-05,0.01
1603,"built",3,8.88783551579072e-05,0.01
1604,"calais",3,8.88783551579072e-05,0.01
1605,"cards",3,8.88783551579072e-05,0.01
1606,"casual",3,8.88783551579072e-05,0.01
1607,"catch",3,8.88783551579072e-05,0.01
1608,"causes",3,8.88783551579072e-05,0.01
1609,"cautious",3,8.88783551579072e-05,0.01
1610,"centre",3,8.88783551579072e-05,0.01
1611,"chain",3,8.88783551579072e-05,0.01
1612,"chasseur",3,8.88783551579072e-05,0.01
1613,"chatted",3,8.88783551579072e-05,0.01
1614,"cheque",3,8.88783551579072e-05,0.01
1615,"chère",3,8.88783551579072e-05,0.01
1616,"chocolate",3,8.88783551579072e-05,0.01
1617,"church",3,8.88783551579072e-05,0.01
1618,"city",3,8.88783551579072e-05,0.01
1619,"closing",3,8.88783551579072e-05,0.01
1620,"clothing",3,8.88783551579072e-05,0.01
1621,"comfortably",3,8.88783551579072e-05,0.01
1622,"communicating",3,8.88783551579072e-05,0.01
1623,"complained",3,8.88783551579072e-05,0.01
1624,"complexion",3,8.88783551579072e-05,0.01
1625,"complied",3,8.88783551579072e-05,0.01
1626,"comprehend",3,8.88783551579072e-05,0.01
1627,"concealed",3,8.88783551579072e-05,0.01
1628,"connected",3,8.88783551579072e-05,0.01
1629,"continue",3,8.88783551579072e-05,0.01
1630,"control",3,8.88783551579072e-05,0.01
1631,"correspondence",3,8.88783551579072e-05,0.01
1632,"costs",3,8.88783551579072e-05,0.01
1633,"couldn",3,8.88783551579072e-05,0.01
1634,"covered",3,8.88783551579072e-05,0.01
1635,"criminals",3,8.88783551579072e-05,0.01
1636,"cry",3,8.88783551579072e-05,0.01
1637,"curate",3,8.88783551579072e-05,0.01
1638,"curls",3,8.88783551579072e-05,0.01
1639,"cuttings",3,8.88783551579072e-05,0.01
1640,"daily",3,8.88783551579072e-05,0.01
1641,"dancing",3,8.88783551579072e-05,0.01
1642,"darkened",3,8.88783551579072e-05,0.01
1643,"date",3,8.88783551579072e-05,0.01
1644,"deadly",3,8.88783551579072e-05,0.01
1645,"debonair",3,8.88783551579072e-05,0.01
1646,"defiance",3,8.88783551579072e-05,0.01
1647,"definite",3,8.88783551579072e-05,0.01
1648,"delicately",3,8.88783551579072e-05,0.01
1649,"delight",3,8.88783551579072e-05,0.01
1650,"demetrius",3,8.88783551579072e-05,0.01
1651,"demiroff",3,8.88783551579072e-05,0.01
1652,"depart",3,8.88783551579072e-05,0.01
1653,"desires",3,8.88783551579072e-05,0.01
1654,"determination",3,8.88783551579072e-05,0.01
1655,"difficulties",3,8.88783551579072e-05,0.01
1656,"dignity",3,8.88783551579072e-05,0.01
1657,"dined",3,8.88783551579072e-05,0.01
1658,"discover",3,8.88783551579072e-05,0.01
1659,"discretion",3,8.88783551579072e-05,0.01
1660,"distance",3,8.88783551579072e-05,0.01
1661,"distinct",3,8.88783551579072e-05,0.01
1662,"distress",3,8.88783551579072e-05,0.01
1663,"divan",3,8.88783551579072e-05,0.01
1664,"doctors",3,8.88783551579072e-05,0.01
1665,"doubtful",3,8.88783551579072e-05,0.01
1666,"downstairs",3,8.88783551579072e-05,0.01
1667,"draw",3,8.88783551579072e-05,0.01
1668,"dreamily",3,8.88783551579072e-05,0.01
1669,"drifted",3,8.88783551579072e-05,0.01
1670,"drinking",3,8.88783551579072e-05,0.01
1671,"driven",3,8.88783551579072e-05,0.01
1672,"drop",3,8.88783551579072e-05,0.01
1673,"duchess",3,8.88783551579072e-05,0.01
1674,"duke",3,8.88783551579072e-05,0.01
1675,"dull",3,8.88783551579072e-05,0.01
1676,"duly",3,8.88783551579072e-05,0.01
1677,"dust",3,8.88783551579072e-05,0.01
1678,"duty",3,8.88783551579072e-05,0.01
1679,"earthly",3,8.88783551579072e-05,0.01
1680,"effort",3,8.88783551579072e-05,0.01
1681,"eight",3,8.88783551579072e-05,0.01
1682,"electric",3,8.88783551579072e-05,0.01
1683,"emphasis",3,8.88783551579072e-05,0.01
1684,"emphatic",3,8.88783551579072e-05,0.01
1685,"endeavour",3,8.88783551579072e-05,0.01
1686,"energy",3,8.88783551579072e-05,0.01
1687,"engaged",3,8.88783551579072e-05,0.01
1688,"engine",3,8.88783551579072e-05,0.01
1689,"englishwoman",3,8.88783551579072e-05,0.01
1690,"enjoying",3,8.88783551579072e-05,0.01
1691,"evidently",3,8.88783551579072e-05,0.01
1692,"exact",3,8.88783551579072e-05,0.01
1693,"exchanged",3,8.88783551579072e-05,0.01
1694,"exciting",3,8.88783551579072e-05,0.01
1695,"exercise",3,8.88783551579072e-05,0.01
1696,"exotic",3,8.88783551579072e-05,0.01
1697,"explanation",3,8.88783551579072e-05,0.01
1698,"expressive",3,8.88783551579072e-05,0.01
1699,"exquisite",3,8.88783551579072e-05,0.01
1700,"exquisitely",3,8.88783551579072e-05,0.01
1701,"extracted",3,8.88783551579072e-05,0.01
1702,"extraordinarily",3,8.88783551579072e-05,0.01
1703,"eyeing",3,8.88783551579072e-05,0.01
1704,"fail",3,8.88783551579072e-05,0.01
1705,"failed",3,8.88783551579072e-05,0.01
1706,"families",3,8.88783551579072e-05,0.01
1707,"fancied",3,8.88783551579072e-05,0.01
1708,"fault",3,8.88783551579072e-05,0.01
1709,"fears",3,8.88783551579072e-05,0.01
1710,"female",3,8.88783551579072e-05,0.01
1711,"femmes",3,8.88783551579072e-05,0.01
1712,"file",3,8.88783551579072e-05,0.01
1713,"financially",3,8.88783551579072e-05,0.01
1714,"fit",3,8.88783551579072e-05,0.01
1715,"flushed",3,8.88783551579072e-05,0.01
1716,"flutter",3,8.88783551579072e-05,0.01
1717,"folded",3,8.88783551579072e-05,0.01
1718,"follow",3,8.88783551579072e-05,0.01
1719,"fore",3,8.88783551579072e-05,0.01
1720,"forehead",3,8.88783551579072e-05,0.01
1721,"formed",3,8.88783551579072e-05,0.01
1722,"forty",3,8.88783551579072e-05,0.01
1723,"fourteenth",3,8.88783551579072e-05,0.01
1724,"frank",3,8.88783551579072e-05,0.01
1725,"frankly",3,8.88783551579072e-05,0.01
1726,"frankness",3,8.88783551579072e-05,0.01
1727,"freedom",3,8.88783551579072e-05,0.01
1728,"frenchwoman",3,8.88783551579072e-05,0.01
1729,"fully",3,8.88783551579072e-05,0.01
1730,"fuss",3,8.88783551579072e-05,0.01
1731,"future",3,8.88783551579072e-05,0.01
1732,"galbraith",3,8.88783551579072e-05,0.01
1733,"gambler",3,8.88783551579072e-05,0.01
1734,"gather",3,8.88783551579072e-05,0.01
1735,"gazed",3,8.88783551579072e-05,0.01
1736,"general",3,8.88783551579072e-05,0.01
1737,"generally",3,8.88783551579072e-05,0.01
1738,"giving",3,8.88783551579072e-05,0.01
1739,"glancing",3,8.88783551579072e-05,0.01
1740,"golden",3,8.88783551579072e-05,0.01
1741,"grim",3,8.88783551579072e-05,0.01
1742,"grin",3,8.88783551579072e-05,0.01
1743,"grinned",3,8.88783551579072e-05,0.01
1744,"grow",3,8.88783551579072e-05,0.01
1745,"guest",3,8.88783551579072e-05,0.01
1746,"hallo",3,8.88783551579072e-05,0.01
1747,"handing",3,8.88783551579072e-05,0.01
1748,"handle",3,8.88783551579072e-05,0.01
1749,"hated",3,8.88783551579072e-05,0.01
1750,"haughtily",3,8.88783551579072e-05,0.01
1751,"health",3,8.88783551579072e-05,0.01
1752,"healthy",3,8.88783551579072e-05,0.01
1753,"hearted",3,8.88783551579072e-05,0.01
1754,"hearts",3,8.88783551579072e-05,0.01
1755,"heaven",3,8.88783551579072e-05,0.01
1756,"heel",3,8.88783551579072e-05,0.01
1757,"heels",3,8.88783551579072e-05,0.01
1758,"height",3,8.88783551579072e-05,0.01
1759,"heirlooms",3,8.88783551579072e-05,0.01
1760,"helen",3,8.88783551579072e-05,0.01
1761,"hesitating",3,8.88783551579072e-05,0.01
1762,"historic",3,8.88783551579072e-05,0.01
1763,"hit",3,8.88783551579072e-05,0.01
1764,"honey",3,8.88783551579072e-05,0.01
1765,"hurry",3,8.88783551579072e-05,0.01
1766,"hurt",3,8.88783551579072e-05,0.01
1767,"hyères",3,8.88783551579072e-05,0.01
1768,"idiot",3,8.88783551579072e-05,0.01
1769,"imitation",3,8.88783551579072e-05,0.01
1770,"impressed",3,8.88783551579072e-05,0.01
1771,"impressions",3,8.88783551579072e-05,0.01
1772,"income",3,8.88783551579072e-05,0.01
1773,"increasing",3,8.88783551579072e-05,0.01
1774,"indifferently",3,8.88783551579072e-05,0.01
1775,"indiscretion",3,8.88783551579072e-05,0.01
1776,"individual",3,8.88783551579072e-05,0.01
1777,"initials",3,8.88783551579072e-05,0.01
1778,"inquiringly",3,8.88783551579072e-05,0.01
1779,"inside",3,8.88783551579072e-05,0.01
1780,"insisted",3,8.88783551579072e-05,0.01
1781,"insulted",3,8.88783551579072e-05,0.01
1782,"intently",3,8.88783551579072e-05,0.01
1783,"interrupt",3,8.88783551579072e-05,0.01
1784,"investigating",3,8.88783551579072e-05,0.01
1785,"january",3,8.88783551579072e-05,0.01
1786,"jaunty",3,8.88783551579072e-05,0.01
1787,"join",3,8.88783551579072e-05,0.01
1788,"justice",3,8.88783551579072e-05,0.01
1789,"kid",3,8.88783551579072e-05,0.01
1790,"kissed",3,8.88783551579072e-05,0.01
1791,"kitchen",3,8.88783551579072e-05,0.01
1792,"knowledge",3,8.88783551579072e-05,0.01
1793,"lack",3,8.88783551579072e-05,0.01
1794,"lacquer",3,8.88783551579072e-05,0.01
1795,"laying",3,8.88783551579072e-05,0.01
1796,"lead",3,8.88783551579072e-05,0.01
1797,"leaf",3,8.88783551579072e-05,0.01
1798,"learnt",3,8.88783551579072e-05,0.01
1799,"leather",3,8.88783551579072e-05,0.01
1800,"les",3,8.88783551579072e-05,0.01
1801,"lied",3,8.88783551579072e-05,0.01
1802,"longing",3,8.88783551579072e-05,0.01
1803,"lounge",3,8.88783551579072e-05,0.01
1804,"lovely",3,8.88783551579072e-05,0.01
1805,"lower",3,8.88783551579072e-05,0.01
1806,"luxury",3,8.88783551579072e-05,0.01
1807,"madness",3,8.88783551579072e-05,0.01
1808,"madonna",3,8.88783551579072e-05,0.01
1809,"managed",3,8.88783551579072e-05,0.01
1810,"marriage",3,8.88783551579072e-05,0.01
1811,"martin",3,8.88783551579072e-05,0.01
1812,"match",3,8.88783551579072e-05,0.01
1813,"meets",3,8.88783551579072e-05,0.01
1814,"mentone",3,8.88783551579072e-05,0.01
1815,"modestly",3,8.88783551579072e-05,0.01
1816,"moments",3,8.88783551579072e-05,0.01
1817,"mostly",3,8.88783551579072e-05,0.01
1818,"moustache",3,8.88783551579072e-05,0.01
1819,"movement",3,8.88783551579072e-05,0.01
1820,"movements",3,8.88783551579072e-05,0.01
1821,"murmuring",3,8.88783551579072e-05,0.01
1822,"nails",3,8.88783551579072e-05,0.01
1823,"near",3,8.88783551579072e-05,0.01
1824,"neat",3,8.88783551579072e-05,0.01
1825,"needed",3,8.88783551579072e-05,0.01
1826,"nerves",3,8.88783551579072e-05,0.01
1827,"noble",3,8.88783551579072e-05,0.01
1828,"notorious",3,8.88783551579072e-05,0.01
1829,"objected",3,8.88783551579072e-05,0.01
1830,"obliged",3,8.88783551579072e-05,0.01
1831,"observation",3,8.88783551579072e-05,0.01
1832,"observe",3,8.88783551579072e-05,0.01
1833,"official",3,8.88783551579072e-05,0.01
1834,"orders",3,8.88783551579072e-05,0.01
1835,"otherwise",3,8.88783551579072e-05,0.01
1836,"outstretched",3,8.88783551579072e-05,0.01
1837,"oyster",3,8.88783551579072e-05,0.01
1838,"page",3,8.88783551579072e-05,0.01
1839,"painful",3,8.88783551579072e-05,0.01
1840,"panic",3,8.88783551579072e-05,0.01
1841,"parthenon",3,8.88783551579072e-05,0.01
1842,"party",3,8.88783551579072e-05,0.01
1843,"pas",3,8.88783551579072e-05,0.01
1844,"passion",3,8.88783551579072e-05,0.01
1845,"pavement",3,8.88783551579072e-05,0.01
1846,"penny",3,8.88783551579072e-05,0.01
1847,"pensionnaire",3,8.88783551579072e-05,0.01
1848,"permitted",3,8.88783551579072e-05,0.01
1849,"persisted",3,8.88783551579072e-05,0.01
1850,"personage",3,8.88783551579072e-05,0.01
1851,"personal",3,8.88783551579072e-05,0.01
1852,"personally",3,8.88783551579072e-05,0.01
1853,"petition",3,8.88783551579072e-05,0.01
1854,"picking",3,8.88783551579072e-05,0.01
1855,"pin",3,8.88783551579072e-05,0.01
1856,"plainly",3,8.88783551579072e-05,0.01
1857,"plate",3,8.88783551579072e-05,0.01
1858,"played",3,8.88783551579072e-05,0.01
1859,"pleasantly",3,8.88783551579072e-05,0.01
1860,"plenty",3,8.88783551579072e-05,0.01
1861,"pluck",3,8.88783551579072e-05,0.01
1862,"points",3,8.88783551579072e-05,0.01
1863,"portion",3,8.88783551579072e-05,0.01
1864,"poste",3,8.88783551579072e-05,0.01
1865,"précisément",3,8.88783551579072e-05,0.01
1866,"preparatory",3,8.88783551579072e-05,0.01
1867,"presents",3,8.88783551579072e-05,0.01
1868,"press",3,8.88783551579072e-05,0.01
1869,"pretend",3,8.88783551579072e-05,0.01
1870,"pretended",3,8.88783551579072e-05,0.01
1871,"pride",3,8.88783551579072e-05,0.01
1872,"probable",3,8.88783551579072e-05,0.01
1873,"produce",3,8.88783551579072e-05,0.01
1874,"proposes",3,8.88783551579072e-05,0.01
1875,"prosecute",3,8.88783551579072e-05,0.01
1876,"provided",3,8.88783551579072e-05,0.01
1877,"prudent",3,8.88783551579072e-05,0.01
1878,"punctual",3,8.88783551579072e-05,0.01
1879,"pure",3,8.88783551579072e-05,0.01
1880,"quarters",3,8.88783551579072e-05,0.01
1881,"race",3,8.88783551579072e-05,0.01
1882,"railway",3,8.88783551579072e-05,0.01
1883,"raising",3,8.88783551579072e-05,0.01
1884,"rat",3,8.88783551579072e-05,0.01
1885,"recalled",3,8.88783551579072e-05,0.01
1886,"reception",3,8.88783551579072e-05,0.01
1887,"reckless",3,8.88783551579072e-05,0.01
1888,"recognizing",3,8.88783551579072e-05,0.01
1889,"recovered",3,8.88783551579072e-05,0.01
1890,"reflect",3,8.88783551579072e-05,0.01
1891,"refuse",3,8.88783551579072e-05,0.01
1892,"regarded",3,8.88783551579072e-05,0.01
1893,"regards",3,8.88783551579072e-05,0.01
1894,"relief",3,8.88783551579072e-05,0.01
1895,"relieved",3,8.88783551579072e-05,0.01
1896,"remark",3,8.88783551579072e-05,0.01
1897,"remembering",3,8.88783551579072e-05,0.01
1898,"repeat",3,8.88783551579072e-05,0.01
1899,"replaced",3,8.88783551579072e-05,0.01
1900,"reported",3,8.88783551579072e-05,0.01
1901,"require",3,8.88783551579072e-05,0.01
1902,"resemblance",3,8.88783551579072e-05,0.01
1903,"restored",3,8.88783551579072e-05,0.01
1904,"returning",3,8.88783551579072e-05,0.01
1905,"ringing",3,8.88783551579072e-05,0.01
1906,"robbers",3,8.88783551579072e-05,0.01
1907,"rouse",3,8.88783551579072e-05,0.01
1908,"rubbed",3,8.88783551579072e-05,0.01
1909,"rug",3,8.88783551579072e-05,0.01
1910,"rumours",3,8.88783551579072e-05,0.01
1911,"sad",3,8.88783551579072e-05,0.01
1912,"sale",3,8.88783551579072e-05,0.01
1913,"scrutiny",3,8.88783551579072e-05,0.01
1914,"search",3,8.88783551579072e-05,0.01
1915,"searched",3,8.88783551579072e-05,0.01
1916,"searchingly",3,8.88783551579072e-05,0.01
1917,"seek",3,8.88783551579072e-05,0.01
1918,"sending",3,8.88783551579072e-05,0.01
1919,"setting",3,8.88783551579072e-05,0.01
1920,"settling",3,8.88783551579072e-05,0.01
1921,"seven",3,8.88783551579072e-05,0.01
1922,"shade",3,8.88783551579072e-05,0.01
1923,"shake",3,8.88783551579072e-05,0.01
1924,"shan",3,8.88783551579072e-05,0.01
1925,"shoes",3,8.88783551579072e-05,0.01
1926,"showing",3,8.88783551579072e-05,0.01
1927,"sideways",3,8.88783551579072e-05,0.01
1928,"significantly",3,8.88783551579072e-05,0.01
1929,"signs",3,8.88783551579072e-05,0.01
1930,"silk",3,8.88783551579072e-05,0.01
1931,"simplicity",3,8.88783551579072e-05,0.01
1932,"single",3,8.88783551579072e-05,0.01
1933,"six",3,8.88783551579072e-05,0.01
1934,"slumber",3,8.88783551579072e-05,0.01
1935,"smart",3,8.88783551579072e-05,0.01
1936,"softer",3,8.88783551579072e-05,0.01
1937,"sorts",3,8.88783551579072e-05,0.01
1938,"sought",3,8.88783551579072e-05,0.01
1939,"soup",3,8.88783551579072e-05,0.01
1940,"special",3,8.88783551579072e-05,0.01
1941,"spent",3,8.88783551579072e-05,0.01
1942,"spread",3,8.88783551579072e-05,0.01
1943,"spring",3,8.88783551579072e-05,0.01
1944,"stake",3,8.88783551579072e-05,0.01
1945,"stammered",3,8.88783551579072e-05,0.01
1946,"step",3,8.88783551579072e-05,0.01
1947,"stolid",3,8.88783551579072e-05,0.01
1948,"stories",3,8.88783551579072e-05,0.01
1949,"strain",3,8.88783551579072e-05,0.01
1950,"strangers",3,8.88783551579072e-05,0.01
1951,"strangled",3,8.88783551579072e-05,0.01
1952,"streets",3,8.88783551579072e-05,0.01
1953,"strike",3,8.88783551579072e-05,0.01
1954,"striking",3,8.88783551579072e-05,0.01
1955,"stupid",3,8.88783551579072e-05,0.01
1956,"succeeded",3,8.88783551579072e-05,0.01
1957,"suggest",3,8.88783551579072e-05,0.01
1958,"suited",3,8.88783551579072e-05,0.01
1959,"superb",3,8.88783551579072e-05,0.01
1960,"surgeon",3,8.88783551579072e-05,0.01
1961,"surroundings",3,8.88783551579072e-05,0.01
1962,"swift",3,8.88783551579072e-05,0.01
1963,"switched",3,8.88783551579072e-05,0.01
1964,"switzerland",3,8.88783551579072e-05,0.01
1965,"tact",3,8.88783551579072e-05,0.01
1966,"tactfully",3,8.88783551579072e-05,0.01
1967,"takes",3,8.88783551579072e-05,0.01
1968,"tales",3,8.88783551579072e-05,0.01
1969,"tapped",3,8.88783551579072e-05,0.01
1970,"tears",3,8.88783551579072e-05,0.01
1971,"telegraphed",3,8.88783551579072e-05,0.01
1972,"thorough",3,8.88783551579072e-05,0.01
1973,"threatened",3,8.88783551579072e-05,0.01
1974,"throw",3,8.88783551579072e-05,0.01
1975,"tight",3,8.88783551579072e-05,0.01
1976,"till",3,8.88783551579072e-05,0.01
1977,"tiny",3,8.88783551579072e-05,0.01
1978,"tips",3,8.88783551579072e-05,0.01
1979,"tired",3,8.88783551579072e-05,0.01
1980,"tore",3,8.88783551579072e-05,0.01
1981,"tossed",3,8.88783551579072e-05,0.01
1982,"track",3,8.88783551579072e-05,0.01
1983,"trains",3,8.88783551579072e-05,0.01
1984,"travelled",3,8.88783551579072e-05,0.01
1985,"trifle",3,8.88783551579072e-05,0.01
1986,"trifles",3,8.88783551579072e-05,0.01
1987,"triumphantly",3,8.88783551579072e-05,0.01
1988,"troubled",3,8.88783551579072e-05,0.01
1989,"trusted",3,8.88783551579072e-05,0.01
1990,"twinkled",3,8.88783551579072e-05,0.01
1991,"ugly",3,8.88783551579072e-05,0.01
1992,"uncertain",3,8.88783551579072e-05,0.01
1993,"uneasily",3,8.88783551579072e-05,0.01
1994,"unexpectedly",3,8.88783551579072e-05,0.01
1995,"unfortunately",3,8.88783551579072e-05,0.01
1996,"unmoved",3,8.88783551579072e-05,0.01
1997,"unseen",3,8.88783551579072e-05,0.01
1998,"used",3,8.88783551579072e-05,0.01
1999,"vast",3,8.88783551579072e-05,0.01
2000,"ventured",3,8.88783551579072e-05,0.01
2001,"victim",3,8.88783551579072e-05,0.01
2002,"virginie",3,8.88783551579072e-05,0.01
2003,"visitors",3,8.88783551579072e-05,0.01
2004,"vital",3,8.88783551579072e-05,0.01
2005,"waited",3,8.88783551579072e-05,0.01
2006,"warmly",3,8.88783551579072e-05,0.01
2007,"wash",3,8.88783551579072e-05,0.01
2008,"wasted",3,8.88783551579072e-05,0.01
2009,"wear",3,8.88783551579072e-05,0.01
2010,"wearing",3,8.88783551579072e-05,0.01
2011,"wire",3,8.88783551579072e-05,0.01
2012,"wishes",3,8.88783551579072e-05,0.01
2013,"worn",3,8.88783551579072e-05,0.01
2014,"worried",3,8.88783551579072e-05,0.01
2015,"worse",3,8.88783551579072e-05,0.01
2016,"wrap",3,8.88783551579072e-05,0.01
2017,"write",3,8.88783551579072e-05,0.01
2018,"youth",3,8.88783551579072e-05,0.01
2019,"ability",2,5.92522367719381e-05,0.01
2020,"abject",2,5.92522367719381e-05,0.01
2021,"absorbed",2,5.92522367719381e-05,0.01
2022,"accidents",2,5.92522367719381e-05,0.01
2023,"accomplice",2,5.92522367719381e-05,0.01
2024,"accomplices",2,5.92522367719381e-05,0.01
2025,"accomplished",2,5.92522367719381e-05,0.01
2026,"accord",2,5.92522367719381e-05,0.01
2027,"accordingly",2,5.92522367719381e-05,0.01
2028,"accounts",2,5.92522367719381e-05,0.01
2029,"accustomed",2,5.92522367719381e-05,0.01
2030,"acid",2,5.92522367719381e-05,0.01
2031,"acknowledged",2,5.92522367719381e-05,0.01
2032,"active",2,5.92522367719381e-05,0.01
2033,"activity",2,5.92522367719381e-05,0.01
2034,"actress",2,5.92522367719381e-05,0.01
2035,"addressing",2,5.92522367719381e-05,0.01
2036,"adjusted",2,5.92522367719381e-05,0.01
2037,"admiration",2,5.92522367719381e-05,0.01
2038,"adore",2,5.92522367719381e-05,0.01
2039,"advanced",2,5.92522367719381e-05,0.01
2040,"advances",2,5.92522367719381e-05,0.01
2041,"agrees",2,5.92522367719381e-05,0.01
2042,"ahem",2,5.92522367719381e-05,0.01
2043,"alarmed",2,5.92522367719381e-05,0.01
2044,"albert",2,5.92522367719381e-05,0.01
2045,"alice",2,5.92522367719381e-05,0.01
2046,"alight",2,5.92522367719381e-05,0.01
2047,"allay",2,5.92522367719381e-05,0.01
2048,"allo",2,5.92522367719381e-05,0.01
2049,"ambrose",2,5.92522367719381e-05,0.01
2050,"amie",2,5.92522367719381e-05,0.01
2051,"amiss",2,5.92522367719381e-05,0.01
2052,"amount",2,5.92522367719381e-05,0.01
2053,"anglais",2,5.92522367719381e-05,0.01
2054,"anglaise",2,5.92522367719381e-05,0.01
2055,"angle",2,5.92522367719381e-05,0.01
2056,"animation",2,5.92522367719381e-05,0.01
2057,"annie",2,5.92522367719381e-05,0.01
2058,"annoying",2,5.92522367719381e-05,0.01
2059,"answered",2,5.92522367719381e-05,0.01
2060,"antibes",2,5.92522367719381e-05,0.01
2061,"antonio",2,5.92522367719381e-05,0.01
2062,"apart",2,5.92522367719381e-05,0.01
2063,"apartments",2,5.92522367719381e-05,0.01
2064,"aperture",2,5.92522367719381e-05,0.01
2065,"apologetic",2,5.92522367719381e-05,0.01
2066,"appeal",2,5.92522367719381e-05,0.01
2067,"appeals",2,5.92522367719381e-05,0.01
2068,"appearing",2,5.92522367719381e-05,0.01
2069,"apple",2,5.92522367719381e-05,0.01
2070,"appointment",2,5.92522367719381e-05,0.01
2071,"appreciating",2,5.92522367719381e-05,0.01
2072,"appreciatively",2,5.92522367719381e-05,0.01
2073,"approaching",2,5.92522367719381e-05,0.01
2074,"approve",2,5.92522367719381e-05,0.01
2075,"argue",2,5.92522367719381e-05,0.01
2076,"around",2,5.92522367719381e-05,0.01
2077,"aroused",2,5.92522367719381e-05,0.01
2078,"arrangement",2,5.92522367719381e-05,0.01
2079,"arrangements",2,5.92522367719381e-05,0.01
2080,"article",2,5.92522367719381e-05,0.01
2081,"ashamed",2,5.92522367719381e-05,0.01
2082,"ass",2,5.92522367719381e-05,0.01
2083,"assailed",2,5.92522367719381e-05,0.01
2084,"assistant",2,5.92522367719381e-05,0.01
2085,"assurance",2,5.92522367719381e-05,0.01
2086,"astonished",2,5.92522367719381e-05,0.01
2087,"astutely",2,5.92522367719381e-05,0.01
2088,"attack",2,5.92522367719381e-05,0.01
2089,"attended",2,5.92522367719381e-05,0.01
2090,"attentions",2,5.92522367719381e-05,0.01
2091,"attentively",2,5.92522367719381e-05,0.01
2092,"attired",2,5.92522367719381e-05,0.01
2093,"available",2,5.92522367719381e-05,0.01
2094,"awakened",2,5.92522367719381e-05,0.01
2095,"bagatelle",2,5.92522367719381e-05,0.01
2096,"bags",2,5.92522367719381e-05,0.01
2097,"bandits",2,5.92522367719381e-05,0.01
2098,"banging",2,5.92522367719381e-05,0.01
2099,"bank",2,5.92522367719381e-05,0.01
2100,"bargain",2,5.92522367719381e-05,0.01
2101,"barked",2,5.92522367719381e-05,0.01
2102,"beating",2,5.92522367719381e-05,0.01
2103,"beau",2,5.92522367719381e-05,0.01
2104,"becoming",2,5.92522367719381e-05,0.01
2105,"behaved",2,5.92522367719381e-05,0.01
2106,"behaviour",2,5.92522367719381e-05,0.01
2107,"belief",2,5.92522367719381e-05,0.01
2108,"belong",2,5.92522367719381e-05,0.01
2109,"benefit",2,5.92522367719381e-05,0.01
2110,"benefits",2,5.92522367719381e-05,0.01
2111,"berths",2,5.92522367719381e-05,0.01
2112,"betray",2,5.92522367719381e-05,0.01
2113,"bewilderment",2,5.92522367719381e-05,0.01
2114,"beyond",2,5.92522367719381e-05,0.01
2115,"bizarre",2,5.92522367719381e-05,0.01
2116,"blackmail",2,5.92522367719381e-05,0.01
2117,"blackmailing",2,5.92522367719381e-05,0.01
2118,"blame",2,5.92522367719381e-05,0.01
2119,"blew",2,5.92522367719381e-05,0.01
2120,"blinds",2,5.92522367719381e-05,0.01
2121,"block",2,5.92522367719381e-05,0.01
2122,"bluff",2,5.92522367719381e-05,0.01
2123,"bluntly",2,5.92522367719381e-05,0.01
2124,"board",2,5.92522367719381e-05,0.01
2125,"boarded",2,5.92522367719381e-05,0.01
2126,"boasted",2,5.92522367719381e-05,0.01
2127,"bold",2,5.92522367719381e-05,0.01
2128,"bottom",2,5.92522367719381e-05,0.01
2129,"bound",2,5.92522367719381e-05,0.01
2130,"bounder",2,5.92522367719381e-05,0.01
2131,"boyish",2,5.92522367719381e-05,0.01
2132,"bragging",2,5.92522367719381e-05,0.01
2133,"brain",2,5.92522367719381e-05,0.01
2134,"brake",2,5.92522367719381e-05,0.01
2135,"breakfasts",2,5.92522367719381e-05,0.01
2136,"breast",2,5.92522367719381e-05,0.01
2137,"breathlessly",2,5.92522367719381e-05,0.01
2138,"bringing",2,5.92522367719381e-05,0.01
2139,"briskly",2,5.92522367719381e-05,0.01
2140,"broad",2,5.92522367719381e-05,0.01
2141,"brokenly",2,5.92522367719381e-05,0.01
2142,"brushed",2,5.92522367719381e-05,0.01
2143,"brusque",2,5.92522367719381e-05,0.01
2144,"brutally",2,5.92522367719381e-05,0.01
2145,"bunk",2,5.92522367719381e-05,0.01
2146,"buried",2,5.92522367719381e-05,0.01
2147,"bush",2,5.92522367719381e-05,0.01
2148,"calling",2,5.92522367719381e-05,0.01
2149,"cameos",2,5.92522367719381e-05,0.01
2150,"career",2,5.92522367719381e-05,0.01
2151,"cares",2,5.92522367719381e-05,0.01
2152,"carnations",2,5.92522367719381e-05,0.01
2153,"carry",2,5.92522367719381e-05,0.01
2154,"carrying",2,5.92522367719381e-05,0.01
2155,"casually",2,5.92522367719381e-05,0.01
2156,"catherine",2,5.92522367719381e-05,0.01
2157,"caused",2,5.92522367719381e-05,0.01
2158,"chalk",2,5.92522367719381e-05,0.01
2159,"characteristic",2,5.92522367719381e-05,0.01
2160,"charles",2,5.92522367719381e-05,0.01
2161,"chat",2,5.92522367719381e-05,0.01
2162,"cheese",2,5.92522367719381e-05,0.01
2163,"childlike",2,5.92522367719381e-05,0.01
2164,"choice",2,5.92522367719381e-05,0.01
2165,"choose",2,5.92522367719381e-05,0.01
2166,"choosing",2,5.92522367719381e-05,0.01
2167,"christian",2,5.92522367719381e-05,0.01
2168,"cigarettes",2,5.92522367719381e-05,0.01
2169,"claim",2,5.92522367719381e-05,0.01
2170,"classes",2,5.92522367719381e-05,0.01
2171,"cleverness",2,5.92522367719381e-05,0.01
2172,"client",2,5.92522367719381e-05,0.01
2173,"climbing",2,5.92522367719381e-05,0.01
2174,"closer",2,5.92522367719381e-05,0.01
2175,"clothilde",2,5.92522367719381e-05,0.01
2176,"cloud",2,5.92522367719381e-05,0.01
2177,"club",2,5.92522367719381e-05,0.01
2178,"clutched",2,5.92522367719381e-05,0.01
2179,"cocktail",2,5.92522367719381e-05,0.01
2180,"cognizant",2,5.92522367719381e-05,0.01
2181,"collided",2,5.92522367719381e-05,0.01
2182,"colouring",2,5.92522367719381e-05,0.01
2183,"colton",2,5.92522367719381e-05,0.01
2184,"comments",2,5.92522367719381e-05,0.01
2185,"committal",2,5.92522367719381e-05,0.01
2186,"common",2,5.92522367719381e-05,0.01
2187,"commonplaces",2,5.92522367719381e-05,0.01
2188,"compare",2,5.92522367719381e-05,0.01
2189,"complacently",2,5.92522367719381e-05,0.01
2190,"complaining",2,5.92522367719381e-05,0.01
2191,"composed",2,5.92522367719381e-05,0.01
2192,"comprehension",2,5.92522367719381e-05,0.01
2193,"concealments",2,5.92522367719381e-05,0.01
2194,"concern",2,5.92522367719381e-05,0.01
2195,"concerning",2,5.92522367719381e-05,0.01
2196,"concierge",2,5.92522367719381e-05,0.01
2197,"conditions",2,5.92522367719381e-05,0.01
2198,"conduct",2,5.92522367719381e-05,0.01
2199,"confess",2,5.92522367719381e-05,0.01
2200,"confessed",2,5.92522367719381e-05,0.01
2201,"confirmation",2,5.92522367719381e-05,0.01
2202,"conscience",2,5.92522367719381e-05,0.01
2203,"consider",2,5.92522367719381e-05,0.01
2204,"considerable",2,5.92522367719381e-05,0.01
2205,"considered",2,5.92522367719381e-05,0.01
2206,"consternation",2,5.92522367719381e-05,0.01
2207,"consult",2,5.92522367719381e-05,0.01
2208,"consulted",2,5.92522367719381e-05,0.01
2209,"contemptuously",2,5.92522367719381e-05,0.01
2210,"continuing",2,5.92522367719381e-05,0.01
2211,"conventional",2,5.92522367719381e-05,0.01
2212,"convey",2,5.92522367719381e-05,0.01
2213,"cord",2,5.92522367719381e-05,0.01
2214,"courteously",2,5.92522367719381e-05,0.01
2215,"crampton",2,5.92522367719381e-05,0.01
2216,"crazy",2,5.92522367719381e-05,0.01
2217,"credulous",2,5.92522367719381e-05,0.01
2218,"crestfallen",2,5.92522367719381e-05,0.01
2219,"crowd",2,5.92522367719381e-05,0.01
2220,"crown",2,5.92522367719381e-05,0.01
2221,"cups",2,5.92522367719381e-05,0.01
2222,"cursed",2,5.92522367719381e-05,0.01
2223,"curve",2,5.92522367719381e-05,0.01
2224,"cushions",2,5.92522367719381e-05,0.01
2225,"customer",2,5.92522367719381e-05,0.01
2226,"dally",2,5.92522367719381e-05,0.01
2227,"damn",2,5.92522367719381e-05,0.01
2228,"data",2,5.92522367719381e-05,0.01
2229,"dazed",2,5.92522367719381e-05,0.01
2230,"dealing",2,5.92522367719381e-05,0.01
2231,"deals",2,5.92522367719381e-05,0.01
2232,"decent",2,5.92522367719381e-05,0.01
2233,"decidedly",2,5.92522367719381e-05,0.01
2234,"defend",2,5.92522367719381e-05,0.01
2235,"defiantly",2,5.92522367719381e-05,0.01
2236,"deftly",2,5.92522367719381e-05,0.01
2237,"déjeuner",2,5.92522367719381e-05,0.01
2238,"delicate",2,5.92522367719381e-05,0.01
2239,"demeanour",2,5.92522367719381e-05,0.01
2240,"deposited",2,5.92522367719381e-05,0.01
2241,"deprecating",2,5.92522367719381e-05,0.01
2242,"depressing",2,5.92522367719381e-05,0.01
2243,"des",2,5.92522367719381e-05,0.01
2244,"describe",2,5.92522367719381e-05,0.01
2245,"desert",2,5.92522367719381e-05,0.01
2246,"desperate",2,5.92522367719381e-05,0.01
2247,"detail",2,5.92522367719381e-05,0.01
2248,"detained",2,5.92522367719381e-05,0.01
2249,"devoted",2,5.92522367719381e-05,0.01
2250,"devoting",2,5.92522367719381e-05,0.01
2251,"diamond",2,5.92522367719381e-05,0.01
2252,"dim",2,5.92522367719381e-05,0.01
2253,"dine",2,5.92522367719381e-05,0.01
2254,"direct",2,5.92522367719381e-05,0.01
2255,"dirty",2,5.92522367719381e-05,0.01
2256,"disagree",2,5.92522367719381e-05,0.01
2257,"disapproval",2,5.92522367719381e-05,0.01
2258,"disaster",2,5.92522367719381e-05,0.01
2259,"disclosed",2,5.92522367719381e-05,0.01
2260,"discovery",2,5.92522367719381e-05,0.01
2261,"discussed",2,5.92522367719381e-05,0.01
2262,"discusses",2,5.92522367719381e-05,0.01
2263,"discussing",2,5.92522367719381e-05,0.01
2264,"disguise",2,5.92522367719381e-05,0.01
2265,"disliked",2,5.92522367719381e-05,0.01
2266,"dismay",2,5.92522367719381e-05,0.01
2267,"dismissal",2,5.92522367719381e-05,0.01
2268,"dispose",2,5.92522367719381e-05,0.01
2269,"disposed",2,5.92522367719381e-05,0.01
2270,"dissatisfied",2,5.92522367719381e-05,0.01
2271,"distaste",2,5.92522367719381e-05,0.01
2272,"distinctly",2,5.92522367719381e-05,0.01
2273,"distinguished",2,5.92522367719381e-05,0.01
2274,"distraite",2,5.92522367719381e-05,0.01
2275,"distressing",2,5.92522367719381e-05,0.01
2276,"disturbed",2,5.92522367719381e-05,0.01
2277,"divorces",2,5.92522367719381e-05,0.01
2278,"dog",2,5.92522367719381e-05,0.01
2279,"dogs",2,5.92522367719381e-05,0.01
2280,"doubted",2,5.92522367719381e-05,0.01
2281,"doubts",2,5.92522367719381e-05,0.01
2282,"dozen",2,5.92522367719381e-05,0.01
2283,"dramatic",2,5.92522367719381e-05,0.01
2284,"draperies",2,5.92522367719381e-05,0.01
2285,"draws",2,5.92522367719381e-05,0.01
2286,"dreamt",2,5.92522367719381e-05,0.01
2287,"dreamy",2,5.92522367719381e-05,0.01
2288,"drink",2,5.92522367719381e-05,0.01
2289,"dry",2,5.92522367719381e-05,0.01
2290,"duties",2,5.92522367719381e-05,0.01
2291,"dying",2,5.92522367719381e-05,0.01
2292,"dykes",2,5.92522367719381e-05,0.01
2293,"earlier",2,5.92522367719381e-05,0.01
2294,"eat",2,5.92522367719381e-05,0.01
2295,"ecclesiastical",2,5.92522367719381e-05,0.01
2296,"edge",2,5.92522367719381e-05,0.01
2297,"edgeworth",2,5.92522367719381e-05,0.01
2298,"edward",2,5.92522367719381e-05,0.01
2299,"elapsed",2,5.92522367719381e-05,0.01
2300,"elbows",2,5.92522367719381e-05,0.01
2301,"elegant",2,5.92522367719381e-05,0.01
2302,"eloquent",2,5.92522367719381e-05,0.01
2303,"emerged",2,5.92522367719381e-05,0.01
2304,"empowered",2,5.92522367719381e-05,0.01
2305,"empressement",2,5.92522367719381e-05,0.01
2306,"energetic",2,5.92522367719381e-05,0.01
2307,"energetically",2,5.92522367719381e-05,0.01
2308,"englishman",2,5.92522367719381e-05,0.01
2309,"enrage",2,5.92522367719381e-05,0.01
2310,"entering",2,5.92522367719381e-05,0.01
2311,"entertained",2,5.92522367719381e-05,0.01
2312,"epistle",2,5.92522367719381e-05,0.01
2313,"errand",2,5.92522367719381e-05,0.01
2314,"escape",2,5.92522367719381e-05,0.01
2315,"escaped",2,5.92522367719381e-05,0.01
2316,"establishment",2,5.92522367719381e-05,0.01
2317,"esteemed",2,5.92522367719381e-05,0.01
2318,"event",2,5.92522367719381e-05,0.01
2319,"everyday",2,5.92522367719381e-05,0.01
2320,"everywhere",2,5.92522367719381e-05,0.01
2321,"evident",2,5.92522367719381e-05,0.01
2322,"exaggerated",2,5.92522367719381e-05,0.01
2323,"examination",2,5.92522367719381e-05,0.01
2324,"examined",2,5.92522367719381e-05,0.01
2325,"expectantly",2,5.92522367719381e-05,0.01
2326,"expensive",2,5.92522367719381e-05,0.01
2327,"expert",2,5.92522367719381e-05,0.01
2328,"extravagant",2,5.92522367719381e-05,0.01
2329,"eyelids",2,5.92522367719381e-05,0.01
2330,"faces",2,5.92522367719381e-05,0.01
2331,"fanciful",2,5.92522367719381e-05,0.01
2332,"fantastic",2,5.92522367719381e-05,0.01
2333,"fare",2,5.92522367719381e-05,0.01
2334,"fat",2,5.92522367719381e-05,0.01
2335,"fatal",2,5.92522367719381e-05,0.01
2336,"fatality",2,5.92522367719381e-05,0.01
2337,"fateful",2,5.92522367719381e-05,0.01
2338,"fatigued",2,5.92522367719381e-05,0.01
2339,"favour",2,5.92522367719381e-05,0.01
2340,"features",2,5.92522367719381e-05,0.01
2341,"february",2,5.92522367719381e-05,0.01
2342,"feelings",2,5.92522367719381e-05,0.01
2343,"fervour",2,5.92522367719381e-05,0.01
2344,"fetch",2,5.92522367719381e-05,0.01
2345,"fiction",2,5.92522367719381e-05,0.01
2346,"filled",2,5.92522367719381e-05,0.01
2347,"final",2,5.92522367719381e-05,0.01
2348,"financial",2,5.92522367719381e-05,0.01
2349,"finishing",2,5.92522367719381e-05,0.01
2350,"firmly",2,5.92522367719381e-05,0.01
2351,"fixing",2,5.92522367719381e-05,0.01
2352,"flashing",2,5.92522367719381e-05,0.01
2353,"flavelle",2,5.92522367719381e-05,0.01
2354,"flew",2,5.92522367719381e-05,0.01
2355,"flicked",2,5.92522367719381e-05,0.01
2356,"flow",2,5.92522367719381e-05,0.01
2357,"fluently",2,5.92522367719381e-05,0.01
2358,"flush",2,5.92522367719381e-05,0.01
2359,"follows",2,5.92522367719381e-05,0.01
2360,"folly",2,5.92522367719381e-05,0.01
2361,"footsteps",2,5.92522367719381e-05,0.01
2362,"force",2,5.92522367719381e-05,0.01
2363,"foreseen",2,5.92522367719381e-05,0.01
2364,"formalities",2,5.92522367719381e-05,0.01
2365,"formally",2,5.92522367719381e-05,0.01
2366,"forth",2,5.92522367719381e-05,0.01
2367,"fortunate",2,5.92522367719381e-05,0.01
2368,"foul",2,5.92522367719381e-05,0.01
2369,"frampton",2,5.92522367719381e-05,0.01
2370,"frown",2,5.92522367719381e-05,0.01
2371,"funny",2,5.92522367719381e-05,0.01
2372,"furious",2,5.92522367719381e-05,0.01
2373,"fury",2,5.92522367719381e-05,0.01
2374,"gaily",2,5.92522367719381e-05,0.01
2375,"gallantly",2,5.92522367719381e-05,0.01
2376,"garçon",2,5.92522367719381e-05,0.01
2377,"gasped",2,5.92522367719381e-05,0.01
2378,"gathered",2,5.92522367719381e-05,0.01
2379,"gay",2,5.92522367719381e-05,0.01
2380,"generous",2,5.92522367719381e-05,0.01
2381,"glances",2,5.92522367719381e-05,0.01
2382,"glove",2,5.92522367719381e-05,0.01
2383,"glowed",2,5.92522367719381e-05,0.01
2384,"golf",2,5.92522367719381e-05,0.01
2385,"gown",2,5.92522367719381e-05,0.01
2386,"grace",2,5.92522367719381e-05,0.01
2387,"grate",2,5.92522367719381e-05,0.01
2388,"gravest",2,5.92522367719381e-05,0.01
2389,"grew",2,5.92522367719381e-05,0.01
2390,"grief",2,5.92522367719381e-05,0.01
2391,"grimace",2,5.92522367719381e-05,0.01
2392,"grip",2,5.92522367719381e-05,0.01
2393,"ground",2,5.92522367719381e-05,0.01
2394,"guard",2,5.92522367719381e-05,0.01
2395,"guilt",2,5.92522367719381e-05,0.01
2396,"guilty",2,5.92522367719381e-05,0.01
2397,"hailed",2,5.92522367719381e-05,0.01
2398,"haired",2,5.92522367719381e-05,0.01
2399,"halt",2,5.92522367719381e-05,0.01
2400,"haltingly",2,5.92522367719381e-05,0.01
2401,"handkerchief",2,5.92522367719381e-05,0.01
2402,"hang",2,5.92522367719381e-05,0.01
2403,"happiness",2,5.92522367719381e-05,0.01
2404,"harley",2,5.92522367719381e-05,0.01
2405,"harm",2,5.92522367719381e-05,0.01
2406,"harmonize",2,5.92522367719381e-05,0.01
2407,"hasn",2,5.92522367719381e-05,0.01
2408,"hastened",2,5.92522367719381e-05,0.01
2409,"haughty",2,5.92522367719381e-05,0.01
2410,"haven",2,5.92522367719381e-05,0.01
2411,"heads",2,5.92522367719381e-05,0.01
2412,"hears",2,5.92522367719381e-05,0.01
2413,"heated",2,5.92522367719381e-05,0.01
2414,"helpless",2,5.92522367719381e-05,0.01
2415,"highest",2,5.92522367719381e-05,0.01
2416,"highly",2,5.92522367719381e-05,0.01
2417,"hinted",2,5.92522367719381e-05,0.01
2418,"historical",2,5.92522367719381e-05,0.01
2419,"history",2,5.92522367719381e-05,0.01
2420,"hitch",2,5.92522367719381e-05,0.01
2421,"hoarsely",2,5.92522367719381e-05,0.01
2422,"holding",2,5.92522367719381e-05,0.01
2423,"holds",2,5.92522367719381e-05,0.01
2424,"holes",2,5.92522367719381e-05,0.01
2425,"hollow",2,5.92522367719381e-05,0.01
2426,"honour",2,5.92522367719381e-05,0.01
2427,"hopefully",2,5.92522367719381e-05,0.01
2428,"host",2,5.92522367719381e-05,0.01
2429,"hostess",2,5.92522367719381e-05,0.01
2430,"hurriedly",2,5.92522367719381e-05,0.01
2431,"hush",2,5.92522367719381e-05,0.01
2432,"identify",2,5.92522367719381e-05,0.01
2433,"identity",2,5.92522367719381e-05,0.01
2434,"idle",2,5.92522367719381e-05,0.01
2435,"impassioned",2,5.92522367719381e-05,0.01
2436,"impertinence",2,5.92522367719381e-05,0.01
2437,"impetuous",2,5.92522367719381e-05,0.01
2438,"impulse",2,5.92522367719381e-05,0.01
2439,"incidents",2,5.92522367719381e-05,0.01
2440,"inconspicuous",2,5.92522367719381e-05,0.01
2441,"indifferent",2,5.92522367719381e-05,0.01
2442,"indulge",2,5.92522367719381e-05,0.01
2443,"ingenuous",2,5.92522367719381e-05,0.01
2444,"inherit",2,5.92522367719381e-05,0.01
2445,"inherited",2,5.92522367719381e-05,0.01
2446,"initial",2,5.92522367719381e-05,0.01
2447,"innocently",2,5.92522367719381e-05,0.01
2448,"inquirer",2,5.92522367719381e-05,0.01
2449,"inquiries",2,5.92522367719381e-05,0.01
2450,"inquiring",2,5.92522367719381e-05,0.01
2451,"insistence",2,5.92522367719381e-05,0.01
2452,"instance",2,5.92522367719381e-05,0.01
2453,"instead",2,5.92522367719381e-05,0.01
2454,"instinct",2,5.92522367719381e-05,0.01
2455,"intellect",2,5.92522367719381e-05,0.01
2456,"intelligence",2,5.92522367719381e-05,0.01
2457,"intended",2,5.92522367719381e-05,0.01
2458,"interests",2,5.92522367719381e-05,0.01
2459,"interposed",2,5.92522367719381e-05,0.01
2460,"interpreted",2,5.92522367719381e-05,0.01
2461,"interrogate",2,5.92522367719381e-05,0.01
2462,"interval",2,5.92522367719381e-05,0.01
2463,"interviews",2,5.92522367719381e-05,0.01
2464,"intonation",2,5.92522367719381e-05,0.01
2465,"intrigued",2,5.92522367719381e-05,0.01
2466,"introduced",2,5.92522367719381e-05,0.01
2467,"invitation",2,5.92522367719381e-05,0.01
2468,"invitingly",2,5.92522367719381e-05,0.01
2469,"isles",2,5.92522367719381e-05,0.01
2470,"ivanovitch",2,5.92522367719381e-05,0.01
2471,"jarred",2,5.92522367719381e-05,0.01
2472,"jaw",2,5.92522367719381e-05,0.01
2473,"jerked",2,5.92522367719381e-05,0.01
2474,"jermyn",2,5.92522367719381e-05,0.01
2475,"jew",2,5.92522367719381e-05,0.01
2476,"jewellery",2,5.92522367719381e-05,0.01
2477,"joseph",2,5.92522367719381e-05,0.01
2478,"journeys",2,5.92522367719381e-05,0.01
2479,"jumped",2,5.92522367719381e-05,0.01
2480,"key",2,5.92522367719381e-05,0.01
2481,"kick",2,5.92522367719381e-05,0.01
2482,"kicking",2,5.92522367719381e-05,0.01
2483,"kill",2,5.92522367719381e-05,0.01
2484,"king",2,5.92522367719381e-05,0.01
2485,"kingdom",2,5.92522367719381e-05,0.01
2486,"knocker",2,5.92522367719381e-05,0.01
2487,"lace",2,5.92522367719381e-05,0.01
2488,"lamp",2,5.92522367719381e-05,0.01
2489,"laughter",2,5.92522367719381e-05,0.01
2490,"lawyer",2,5.92522367719381e-05,0.01
2491,"lazy",2,5.92522367719381e-05,0.01
2492,"leading",2,5.92522367719381e-05,0.01
2493,"lean",2,5.92522367719381e-05,0.01
2494,"legal",2,5.92522367719381e-05,0.01
2495,"legs",2,5.92522367719381e-05,0.01
2496,"leisurely",2,5.92522367719381e-05,0.01
2497,"length",2,5.92522367719381e-05,0.01
2498,"level",2,5.92522367719381e-05,0.01
2499,"lift",2,5.92522367719381e-05,0.01
2500,"lighted",2,5.92522367719381e-05,0.01
2501,"live",2,5.92522367719381e-05,0.01
2502,"local",2,5.92522367719381e-05,0.01
2503,"locked",2,5.92522367719381e-05,0.01
2504,"looker",2,5.92522367719381e-05,0.01
2505,"loose",2,5.92522367719381e-05,0.01
2506,"loosely",2,5.92522367719381e-05,0.01
2507,"lots",2,5.92522367719381e-05,0.01
2508,"loves",2,5.92522367719381e-05,0.01
2509,"luxurious",2,5.92522367719381e-05,0.01
2510,"madam",2,5.92522367719381e-05,0.01
2511,"magazine",2,5.92522367719381e-05,0.01
2512,"magnificent",2,5.92522367719381e-05,0.01
2513,"mainly",2,5.92522367719381e-05,0.01
2514,"male",2,5.92522367719381e-05,0.01
2515,"mannequins",2,5.92522367719381e-05,0.01
2516,"manners",2,5.92522367719381e-05,0.01
2517,"mantelpiece",2,5.92522367719381e-05,0.01
2518,"manufacturer",2,5.92522367719381e-05,0.01
2519,"marcelle",2,5.92522367719381e-05,0.01
2520,"massive",2,5.92522367719381e-05,0.01
2521,"matured",2,5.92522367719381e-05,0.01
2522,"mauve",2,5.92522367719381e-05,0.01
2523,"meals",2,5.92522367719381e-05,0.01
2524,"meaning",2,5.92522367719381e-05,0.01
2525,"mechanical",2,5.92522367719381e-05,0.01
2526,"melting",2,5.92522367719381e-05,0.01
2527,"memories",2,5.92522367719381e-05,0.01
2528,"mess",2,5.92522367719381e-05,0.01
2529,"messenger",2,5.92522367719381e-05,0.01
2530,"messrs",2,5.92522367719381e-05,0.01
2531,"method",2,5.92522367719381e-05,0.01
2532,"midst",2,5.92522367719381e-05,0.01
2533,"millionaires",2,5.92522367719381e-05,0.01
2534,"minister",2,5.92522367719381e-05,0.01
2535,"misplaced",2,5.92522367719381e-05,0.01
2536,"mixed",2,5.92522367719381e-05,0.01
2537,"mocked",2,5.92522367719381e-05,0.01
2538,"mocking",2,5.92522367719381e-05,0.01
2539,"models",2,5.92522367719381e-05,0.01
2540,"monosyllable",2,5.92522367719381e-05,0.01
2541,"mood",2,5.92522367719381e-05,0.01
2542,"moodily",2,5.92522367719381e-05,0.01
2543,"mothers",2,5.92522367719381e-05,0.01
2544,"mounts",2,5.92522367719381e-05,0.01
2545,"move",2,5.92522367719381e-05,0.01
2546,"murmur",2,5.92522367719381e-05,0.01
2547,"muscle",2,5.92522367719381e-05,0.01
2548,"musingly",2,5.92522367719381e-05,0.01
2549,"mysterious",2,5.92522367719381e-05,0.01
2550,"naïve",2,5.92522367719381e-05,0.01
2551,"narrow",2,5.92522367719381e-05,0.01
2552,"narrowly",2,5.92522367719381e-05,0.01
2553,"nationality",2,5.92522367719381e-05,0.01
2554,"needn",2,5.92522367719381e-05,0.01
2555,"neglect",2,5.92522367719381e-05,0.01
2556,"negligee",2,5.92522367719381e-05,0.01
2557,"negligence",2,5.92522367719381e-05,0.01
2558,"nervous",2,5.92522367719381e-05,0.01
2559,"nez",2,5.92522367719381e-05,0.01
2560,"nicer",2,5.92522367719381e-05,0.01
2561,"nimbly",2,5.92522367719381e-05,0.01
2562,"nobility",2,5.92522367719381e-05,0.01
2563,"nobleman",2,5.92522367719381e-05,0.01
2564,"noise",2,5.92522367719381e-05,0.01
2565,"noiselessly",2,5.92522367719381e-05,0.01
2566,"nonchalantly",2,5.92522367719381e-05,0.01
2567,"nostrils",2,5.92522367719381e-05,0.01
2568,"notebook",2,5.92522367719381e-05,0.01
2569,"nous",2,5.92522367719381e-05,0.01
2570,"novel",2,5.92522367719381e-05,0.01
2571,"nuances",2,5.92522367719381e-05,0.01
2572,"nut",2,5.92522367719381e-05,0.01
2573,"nuts",2,5.92522367719381e-05,0.01
2574,"obstinate",2,5.92522367719381e-05,0.01
2575,"obtained",2,5.92522367719381e-05,0.01
2576,"occasion",2,5.92522367719381e-05,0.01
2577,"occasional",2,5.92522367719381e-05,0.01
2578,"occupant",2,5.92522367719381e-05,0.01
2579,"odious",2,5.92522367719381e-05,0.01
2580,"offence",2,5.92522367719381e-05,0.01
2581,"offices",2,5.92522367719381e-05,0.01
2582,"omelette",2,5.92522367719381e-05,0.01
2583,"opera",2,5.92522367719381e-05,0.01
2584,"opportunities",2,5.92522367719381e-05,0.01
2585,"origin",2,5.92522367719381e-05,0.01
2586,"oui",2,5.92522367719381e-05,0.01
2587,"overlooking",2,5.92522367719381e-05,0.01
2588,"overwhelmed",2,5.92522367719381e-05,0.01
2589,"pacing",2,5.92522367719381e-05,0.01
2590,"pained",2,5.92522367719381e-05,0.01
2591,"painfully",2,5.92522367719381e-05,0.01
2592,"palm",2,5.92522367719381e-05,0.01
2593,"pardons",2,5.92522367719381e-05,0.01
2594,"parisienne",2,5.92522367719381e-05,0.01
2595,"particularly",2,5.92522367719381e-05,0.01
2596,"particulars",2,5.92522367719381e-05,0.01
2597,"parties",2,5.92522367719381e-05,0.01
2598,"passers",2,5.92522367719381e-05,0.01
2599,"path",2,5.92522367719381e-05,0.01
2600,"patient",2,5.92522367719381e-05,0.01
2601,"patriarchal",2,5.92522367719381e-05,0.01
2602,"patted",2,5.92522367719381e-05,0.01
2603,"payment",2,5.92522367719381e-05,0.01
2604,"peaceful",2,5.92522367719381e-05,0.01
2605,"pearl",2,5.92522367719381e-05,0.01
2606,"pen",2,5.92522367719381e-05,0.01
2607,"pencilled",2,5.92522367719381e-05,0.01
2608,"perceptibly",2,5.92522367719381e-05,0.01
2609,"peremptorily",2,5.92522367719381e-05,0.01
2610,"perfunctorily",2,5.92522367719381e-05,0.01
2611,"perusal",2,5.92522367719381e-05,0.01
2612,"physical",2,5.92522367719381e-05,0.01
2613,"pieces",2,5.92522367719381e-05,0.01
2614,"piercingly",2,5.92522367719381e-05,0.01
2615,"pince",2,5.92522367719381e-05,0.01
2616,"pities",2,5.92522367719381e-05,0.01
2617,"placing",2,5.92522367719381e-05,0.01
2618,"plaintive",2,5.92522367719381e-05,0.01
2619,"planned",2,5.92522367719381e-05,0.01
2620,"pleasing",2,5.92522367719381e-05,0.01
2621,"pompous",2,5.92522367719381e-05,0.01
2622,"porterhouse",2,5.92522367719381e-05,0.01
2623,"positive",2,5.92522367719381e-05,0.01
2624,"possessed",2,5.92522367719381e-05,0.01
2625,"potty",2,5.92522367719381e-05,0.01
2626,"powerful",2,5.92522367719381e-05,0.01
2627,"practically",2,5.92522367719381e-05,0.01
2628,"practice",2,5.92522367719381e-05,0.01
2629,"pratique",2,5.92522367719381e-05,0.01
2630,"precautions",2,5.92522367719381e-05,0.01
2631,"preceding",2,5.92522367719381e-05,0.01
2632,"precise",2,5.92522367719381e-05,0.01
2633,"preconceived",2,5.92522367719381e-05,0.01
2634,"prefect",2,5.92522367719381e-05,0.01
2635,"preferred",2,5.92522367719381e-05,0.01
2636,"prejudiced",2,5.92522367719381e-05,0.01
2637,"presentable",2,5.92522367719381e-05,0.01
2638,"presentation",2,5.92522367719381e-05,0.01
2639,"pressing",2,5.92522367719381e-05,0.01
2640,"previous",2,5.92522367719381e-05,0.01
2641,"previously",2,5.92522367719381e-05,0.01
2642,"preyed",2,5.92522367719381e-05,0.01
2643,"price",2,5.92522367719381e-05,0.01
2644,"primly",2,5.92522367719381e-05,0.01
2645,"printed",2,5.92522367719381e-05,0.01
2646,"probability",2,5.92522367719381e-05,0.01
2647,"problem",2,5.92522367719381e-05,0.01
2648,"profoundly",2,5.92522367719381e-05,0.01
2649,"progress",2,5.92522367719381e-05,0.01
2650,"promenade",2,5.92522367719381e-05,0.01
2651,"prominent",2,5.92522367719381e-05,0.01
2652,"prompted",2,5.92522367719381e-05,0.01
2653,"propose",2,5.92522367719381e-05,0.01
2654,"providentially",2,5.92522367719381e-05,0.01
2655,"provoke",2,5.92522367719381e-05,0.01
2656,"psychology",2,5.92522367719381e-05,0.01
2657,"publicity",2,5.92522367719381e-05,0.01
2658,"puffed",2,5.92522367719381e-05,0.01
2659,"purchase",2,5.92522367719381e-05,0.01
2660,"purred",2,5.92522367719381e-05,0.01
2661,"pursued",2,5.92522367719381e-05,0.01
2662,"pursuers",2,5.92522367719381e-05,0.01
2663,"quantity",2,5.92522367719381e-05,0.01
2664,"queried",2,5.92522367719381e-05,0.01
2665,"questioned",2,5.92522367719381e-05,0.01
2666,"quivered",2,5.92522367719381e-05,0.01
2667,"radiator",2,5.92522367719381e-05,0.01
2668,"raise",2,5.92522367719381e-05,0.01
2669,"rare",2,5.92522367719381e-05,0.01
2670,"rascally",2,5.92522367719381e-05,0.01
2671,"reality",2,5.92522367719381e-05,0.01
2672,"reassuring",2,5.92522367719381e-05,0.01
2673,"reassuringly",2,5.92522367719381e-05,0.01
2674,"recent",2,5.92522367719381e-05,0.01
2675,"recognize",2,5.92522367719381e-05,0.01
2676,"record",2,5.92522367719381e-05,0.01
2677,"refer",2,5.92522367719381e-05,0.01
2678,"refusal",2,5.92522367719381e-05,0.01
2679,"refusing",2,5.92522367719381e-05,0.01
2680,"regarding",2,5.92522367719381e-05,0.01
2681,"regret",2,5.92522367719381e-05,0.01
2682,"regrets",2,5.92522367719381e-05,0.01
2683,"regular",2,5.92522367719381e-05,0.01
2684,"rejoinder",2,5.92522367719381e-05,0.01
2685,"related",2,5.92522367719381e-05,0.01
2686,"relatives",2,5.92522367719381e-05,0.01
2687,"reluctantly",2,5.92522367719381e-05,0.01
2688,"remarkable",2,5.92522367719381e-05,0.01
2689,"remarkably",2,5.92522367719381e-05,0.01
2690,"remarks",2,5.92522367719381e-05,0.01
2691,"remembers",2,5.92522367719381e-05,0.01
2692,"remembrance",2,5.92522367719381e-05,0.01
2693,"remonstrated",2,5.92522367719381e-05,0.01
2694,"removed",2,5.92522367719381e-05,0.01
2695,"render",2,5.92522367719381e-05,0.01
2696,"rendered",2,5.92522367719381e-05,0.01
2697,"rendezvous",2,5.92522367719381e-05,0.01
2698,"report",2,5.92522367719381e-05,0.01
2699,"reproachfully",2,5.92522367719381e-05,0.01
2700,"request",2,5.92522367719381e-05,0.01
2701,"resemble",2,5.92522367719381e-05,0.01
2702,"resist",2,5.92522367719381e-05,0.01
2703,"resourceful",2,5.92522367719381e-05,0.01
2704,"respectfully",2,5.92522367719381e-05,0.01
2705,"rest",2,5.92522367719381e-05,0.01
2706,"resting",2,5.92522367719381e-05,0.01
2707,"restore",2,5.92522367719381e-05,0.01
2708,"restrained",2,5.92522367719381e-05,0.01
2709,"result",2,5.92522367719381e-05,0.01
2710,"retained",2,5.92522367719381e-05,0.01
2711,"richest",2,5.92522367719381e-05,0.01
2712,"ridiculous",2,5.92522367719381e-05,0.01
2713,"rightly",2,5.92522367719381e-05,0.01
2714,"rings",2,5.92522367719381e-05,0.01
2715,"ripped",2,5.92522367719381e-05,0.01
2716,"rise",2,5.92522367719381e-05,0.01
2717,"risk",2,5.92522367719381e-05,0.01
2718,"roadside",2,5.92522367719381e-05,0.01
2719,"robberies",2,5.92522367719381e-05,0.01
2720,"rotten",2,5.92522367719381e-05,0.01
2721,"roulette",2,5.92522367719381e-05,0.01
2722,"ruefully",2,5.92522367719381e-05,0.01
2723,"rule",2,5.92522367719381e-05,0.01
2724,"rush",2,5.92522367719381e-05,0.01
2725,"russia",2,5.92522367719381e-05,0.01
2726,"sadly",2,5.92522367719381e-05,0.01
2727,"sardonic",2,5.92522367719381e-05,0.01
2728,"satin",2,5.92522367719381e-05,0.01
2729,"scent",2,5.92522367719381e-05,0.01
2730,"scheme",2,5.92522367719381e-05,0.01
2731,"scotland",2,5.92522367719381e-05,0.01
2732,"screwed",2,5.92522367719381e-05,0.01
2733,"scruples",2,5.92522367719381e-05,0.01
2734,"scrutinized",2,5.92522367719381e-05,0.01
2735,"seater",2,5.92522367719381e-05,0.01
2736,"seats",2,5.92522367719381e-05,0.01
2737,"secrecy",2,5.92522367719381e-05,0.01
2738,"seeking",2,5.92522367719381e-05,0.01
2739,"sees",2,5.92522367719381e-05,0.01
2740,"seine",2,5.92522367719381e-05,0.01
2741,"seized",2,5.92522367719381e-05,0.01
2742,"series",2,5.92522367719381e-05,0.01
2743,"served",2,5.92522367719381e-05,0.01
2744,"sex",2,5.92522367719381e-05,0.01
2745,"shabby",2,5.92522367719381e-05,0.01
2746,"shaded",2,5.92522367719381e-05,0.01
2747,"shadow",2,5.92522367719381e-05,0.01
2748,"shaken",2,5.92522367719381e-05,0.01
2749,"shaped",2,5.92522367719381e-05,0.01
2750,"sheep",2,5.92522367719381e-05,0.01
2751,"sheer",2,5.92522367719381e-05,0.01
2752,"sheet",2,5.92522367719381e-05,0.01
2753,"ship",2,5.92522367719381e-05,0.01
2754,"shiver",2,5.92522367719381e-05,0.01
2755,"shone",2,5.92522367719381e-05,0.01
2756,"shortly",2,5.92522367719381e-05,0.01
2757,"shrug",2,5.92522367719381e-05,0.01
2758,"shy",2,5.92522367719381e-05,0.01
2759,"significance",2,5.92522367719381e-05,0.01
2760,"significant",2,5.92522367719381e-05,0.01
2761,"silly",2,5.92522367719381e-05,0.01
2762,"sincere",2,5.92522367719381e-05,0.01
2763,"sinking",2,5.92522367719381e-05,0.01
2764,"sipped",2,5.92522367719381e-05,0.01
2765,"size",2,5.92522367719381e-05,0.01
2766,"skinned",2,5.92522367719381e-05,0.01
2767,"skirts",2,5.92522367719381e-05,0.01
2768,"slender",2,5.92522367719381e-05,0.01
2769,"slit",2,5.92522367719381e-05,0.01
2770,"smashing",2,5.92522367719381e-05,0.01
2771,"smoke",2,5.92522367719381e-05,0.01
2772,"snake",2,5.92522367719381e-05,0.01
2773,"snapped",2,5.92522367719381e-05,0.01
2774,"snort",2,5.92522367719381e-05,0.01
2775,"sobbed",2,5.92522367719381e-05,0.01
2776,"solicitor",2,5.92522367719381e-05,0.01
2777,"sons",2,5.92522367719381e-05,0.01
2778,"soothing",2,5.92522367719381e-05,0.01
2779,"sorrow",2,5.92522367719381e-05,0.01
2780,"south",2,5.92522367719381e-05,0.01
2781,"sparkling",2,5.92522367719381e-05,0.01
2782,"specialist",2,5.92522367719381e-05,0.01
2783,"speck",2,5.92522367719381e-05,0.01
2784,"spend",2,5.92522367719381e-05,0.01
2785,"springing",2,5.92522367719381e-05,0.01
2786,"square",2,5.92522367719381e-05,0.01
2787,"stage",2,5.92522367719381e-05,0.01
2788,"stare",2,5.92522367719381e-05,0.01
2789,"starting",2,5.92522367719381e-05,0.01
2790,"starts",2,5.92522367719381e-05,0.01
2791,"statements",2,5.92522367719381e-05,0.01
2792,"states",2,5.92522367719381e-05,0.01
2793,"stay",2,5.92522367719381e-05,0.01
2794,"steam",2,5.92522367719381e-05,0.01
2795,"sternly",2,5.92522367719381e-05,0.01
2796,"stilton",2,5.92522367719381e-05,0.01
2797,"stopping",2,5.92522367719381e-05,0.01
2798,"stored",2,5.92522367719381e-05,0.01
2799,"strained",2,5.92522367719381e-05,0.01
2800,"strength",2,5.92522367719381e-05,0.01
2801,"stretched",2,5.92522367719381e-05,0.01
2802,"stricken",2,5.92522367719381e-05,0.01
2803,"strict",2,5.92522367719381e-05,0.01
2804,"strip",2,5.92522367719381e-05,0.01
2805,"strolling",2,5.92522367719381e-05,0.01
2806,"stuck",2,5.92522367719381e-05,0.01
2807,"study",2,5.92522367719381e-05,0.01
2808,"stumbling",2,5.92522367719381e-05,0.01
2809,"succumbed",2,5.92522367719381e-05,0.01
2810,"sufficiently",2,5.92522367719381e-05,0.01
2811,"suggestive",2,5.92522367719381e-05,0.01
2812,"suicide",2,5.92522367719381e-05,0.01
2813,"suitable",2,5.92522367719381e-05,0.01
2814,"sumptuous",2,5.92522367719381e-05,0.01
2815,"sunday",2,5.92522367719381e-05,0.01
2816,"superbly",2,5.92522367719381e-05,0.01
2817,"superstitious",2,5.92522367719381e-05,0.01
2818,"support",2,5.92522367719381e-05,0.01
2819,"supported",2,5.92522367719381e-05,0.01
2820,"suppress",2,5.92522367719381e-05,0.01
2821,"surveillance",2,5.92522367719381e-05,0.01
2822,"swell",2,5.92522367719381e-05,0.01
2823,"swelled",2,5.92522367719381e-05,0.01
2824,"swinging",2,5.92522367719381e-05,0.01
2825,"sympathized",2,5.92522367719381e-05,0.01
2826,"tackled",2,5.92522367719381e-05,0.01
2827,"tactful",2,5.92522367719381e-05,0.01
2828,"tankard",2,5.92522367719381e-05,0.01
2829,"taste",2,5.92522367719381e-05,0.01
2830,"tat",2,5.92522367719381e-05,0.01
2831,"tea",2,5.92522367719381e-05,0.01
2832,"terribly",2,5.92522367719381e-05,0.01
2833,"terrific",2,5.92522367719381e-05,0.01
2834,"terror",2,5.92522367719381e-05,0.01
2835,"testimony",2,5.92522367719381e-05,0.01
2836,"theatrical",2,5.92522367719381e-05,0.01
2837,"thoughts",2,5.92522367719381e-05,0.01
2838,"threat",2,5.92522367719381e-05,0.01
2839,"threaten",2,5.92522367719381e-05,0.01
2840,"throwing",2,5.92522367719381e-05,0.01
2841,"thrusting",2,5.92522367719381e-05,0.01
2842,"thumb",2,5.92522367719381e-05,0.01
2843,"thumped",2,5.92522367719381e-05,0.01
2844,"thunderstruck",2,5.92522367719381e-05,0.01
2845,"tied",2,5.92522367719381e-05,0.01
2846,"tommy",2,5.92522367719381e-05,0.01
2847,"topic",2,5.92522367719381e-05,0.01
2848,"touched",2,5.92522367719381e-05,0.01
2849,"town",2,5.92522367719381e-05,0.01
2850,"trail",2,5.92522367719381e-05,0.01
2851,"treated",2,5.92522367719381e-05,0.01
2852,"trees",2,5.92522367719381e-05,0.01
2853,"trembling",2,5.92522367719381e-05,0.01
2854,"trial",2,5.92522367719381e-05,0.01
2855,"triumphant",2,5.92522367719381e-05,0.01
2856,"troubles",2,5.92522367719381e-05,0.01
2857,"truly",2,5.92522367719381e-05,0.01
2858,"tune",2,5.92522367719381e-05,0.01
2859,"uncommon",2,5.92522367719381e-05,0.01
2860,"unconscious",2,5.92522367719381e-05,0.01
2861,"undefended",2,5.92522367719381e-05,0.01
2862,"undercurrent",2,5.92522367719381e-05,0.01
2863,"underneath",2,5.92522367719381e-05,0.01
2864,"undertaken",2,5.92522367719381e-05,0.01
2865,"unjustly",2,5.92522367719381e-05,0.01
2866,"unlimited",2,5.92522367719381e-05,0.01
2867,"unobserved",2,5.92522367719381e-05,0.01
2868,"unusually",2,5.92522367719381e-05,0.01
2869,"unwillingly",2,5.92522367719381e-05,0.01
2870,"upright",2,5.92522367719381e-05,0.01
2871,"urged",2,5.92522367719381e-05,0.01
2872,"urgently",2,5.92522367719381e-05,0.01
2873,"utmost",2,5.92522367719381e-05,0.01
2874,"utterly",2,5.92522367719381e-05,0.01
2875,"vainly",2,5.92522367719381e-05,0.01
2876,"value",2,5.92522367719381e-05,0.01
2877,"vanity",2,5.92522367719381e-05,0.01
2878,"vehemently",2,5.92522367719381e-05,0.01
2879,"velvet",2,5.92522367719381e-05,0.01
2880,"vent",2,5.92522367719381e-05,0.01
2881,"veracity",2,5.92522367719381e-05,0.01
2882,"violence",2,5.92522367719381e-05,0.01
2883,"violent",2,5.92522367719381e-05,0.01
2884,"vision",2,5.92522367719381e-05,0.01
2885,"vista",2,5.92522367719381e-05,0.01
2886,"vivid",2,5.92522367719381e-05,0.01
2887,"vouchsafed",2,5.92522367719381e-05,0.01
2888,"wagged",2,5.92522367719381e-05,0.01
2889,"waits",2,5.92522367719381e-05,0.01
2890,"wakened",2,5.92522367719381e-05,0.01
2891,"waking",2,5.92522367719381e-05,0.01
2892,"walks",2,5.92522367719381e-05,0.01
2893,"wanting",2,5.92522367719381e-05,0.01
2894,"warm",2,5.92522367719381e-05,0.01
2895,"warn",2,5.92522367719381e-05,0.01
2896,"wary",2,5.92522367719381e-05,0.01
2897,"wastepaper",2,5.92522367719381e-05,0.01
2898,"waters",2,5.92522367719381e-05,0.01
2899,"wave",2,5.92522367719381e-05,0.01
2900,"weeks",2,5.92522367719381e-05,0.01
2901,"weight",2,5.92522367719381e-05,0.01
2902,"welcome",2,5.92522367719381e-05,0.01
2903,"welfare",2,5.92522367719381e-05,0.01
2904,"western",2,5.92522367719381e-05,0.01
2905,"whatsoever",2,5.92522367719381e-05,0.01
2906,"whichever",2,5.92522367719381e-05,0.01
2907,"whipped",2,5.92522367719381e-05,0.01
2908,"whistle",2,5.92522367719381e-05,0.01
2909,"widow",2,5.92522367719381e-05,0.01
2910,"wig",2,5.92522367719381e-05,0.01
2911,"wily",2,5.92522367719381e-05,0.01
2912,"windows",2,5.92522367719381e-05,0.01
2913,"winter",2,5.92522367719381e-05,0.01
2914,"wistful",2,5.92522367719381e-05,0.01
2915,"within",2,5.92522367719381e-05,0.01
2916,"witness",2,5.92522367719381e-05,0.01
2917,"works",2,5.92522367719381e-05,0.01
2918,"worst",2,5.92522367719381e-05,0.01
2919,"worthy",2,5.92522367719381e-05,0.01
2920,"wrapping",2,5.92522367719381e-05,0.01
2921,"wrist",2,5.92522367719381e-05,0.01
2922,"writes",2,5.92522367719381e-05,0.01
2923,"yard",2,5.92522367719381e-05,0.01
2924,"yorkshire",2,5.92522367719381e-05,0.01
2925,"younger",2,5.92522367719381e-05,0.01
2926,"abbot",1,2.96261183859691e-05,0
2927,"abilities",1,2.96261183859691e-05,0
2928,"abode",1,2.96261183859691e-05,0
2929,"abominably",1,2.96261183859691e-05,0
2930,"absently",1,2.96261183859691e-05,0
2931,"abuse",1,2.96261183859691e-05,0
2932,"accelerator",1,2.96261183859691e-05,0
2933,"accessory",1,2.96261183859691e-05,0
2934,"accidentally",1,2.96261183859691e-05,0
2935,"accommodations",1,2.96261183859691e-05,0
2936,"accomplish",1,2.96261183859691e-05,0
2937,"accomplishment",1,2.96261183859691e-05,0
2938,"accords",1,2.96261183859691e-05,0
2939,"accosted",1,2.96261183859691e-05,0
2940,"accumulated",1,2.96261183859691e-05,0
2941,"accusation",1,2.96261183859691e-05,0
2942,"accusations",1,2.96261183859691e-05,0
2943,"accused",1,2.96261183859691e-05,0
2944,"aches",1,2.96261183859691e-05,0
2945,"acquaintances",1,2.96261183859691e-05,0
2946,"acquaintanceship",1,2.96261183859691e-05,0
2947,"acquiescence",1,2.96261183859691e-05,0
2948,"acumen",1,2.96261183859691e-05,0
2949,"add",1,2.96261183859691e-05,0
2950,"adenoids",1,2.96261183859691e-05,0
2951,"adequate",1,2.96261183859691e-05,0
2952,"adieu",1,2.96261183859691e-05,0
2953,"adjusts",1,2.96261183859691e-05,0
2954,"administer",1,2.96261183859691e-05,0
2955,"admired",1,2.96261183859691e-05,0
2956,"admirer",1,2.96261183859691e-05,0
2957,"admitting",1,2.96261183859691e-05,0
2958,"adopted",1,2.96261183859691e-05,0
2959,"adopting",1,2.96261183859691e-05,0
2960,"adored",1,2.96261183859691e-05,0
2961,"adores",1,2.96261183859691e-05,0
2962,"adoring",1,2.96261183859691e-05,0
2963,"advent",1,2.96261183859691e-05,0
2964,"adversary",1,2.96261183859691e-05,0
2965,"advertisement",1,2.96261183859691e-05,0
2966,"advisable",1,2.96261183859691e-05,0
2967,"affection",1,2.96261183859691e-05,0
2968,"affectionate",1,2.96261183859691e-05,0
2969,"aftermath",1,2.96261183859691e-05,0
2970,"agatha",1,2.96261183859691e-05,0
2971,"aged",1,2.96261183859691e-05,0
2972,"agent",1,2.96261183859691e-05,0
2973,"agitation",1,2.96261183859691e-05,0
2974,"agonizing",1,2.96261183859691e-05,0
2975,"agreeably",1,2.96261183859691e-05,0
2976,"aided",1,2.96261183859691e-05,0
2977,"ain",1,2.96261183859691e-05,0
2978,"airily",1,2.96261183859691e-05,0
2979,"alarm",1,2.96261183859691e-05,0
2980,"alarming",1,2.96261183859691e-05,0
2981,"alertness",1,2.96261183859691e-05,0
2982,"alibis",1,2.96261183859691e-05,0
2983,"alighted",1,2.96261183859691e-05,0
2984,"almanach",1,2.96261183859691e-05,0
2985,"alter",1,2.96261183859691e-05,0
2986,"alters",1,2.96261183859691e-05,0
2987,"amazement",1,2.96261183859691e-05,0
2988,"amazing",1,2.96261183859691e-05,0
2989,"amber",1,2.96261183859691e-05,0
2990,"ambition",1,2.96261183859691e-05,0
2991,"amelia",1,2.96261183859691e-05,0
2992,"amiability",1,2.96261183859691e-05,0
2993,"amour",1,2.96261183859691e-05,0
2994,"amuse",1,2.96261183859691e-05,0
2995,"amusedly",1,2.96261183859691e-05,0
2996,"amuses",1,2.96261183859691e-05,0
2997,"anathema",1,2.96261183859691e-05,0
2998,"ancestors",1,2.96261183859691e-05,0
2999,"anecdotes",1,2.96261183859691e-05,0
3000,"anew",1,2.96261183859691e-05,0
3001,"angel",1,2.96261183859691e-05,0
3002,"angled",1,2.96261183859691e-05,0
3003,"animal",1,2.96261183859691e-05,0
3004,"animated",1,2.96261183859691e-05,0
3005,"anitra",1,2.96261183859691e-05,0
3006,"anne",1,2.96261183859691e-05,0
3007,"antecedents",1,2.96261183859691e-05,0
3008,"anticipation",1,2.96261183859691e-05,0
3009,"antique",1,2.96261183859691e-05,0
3010,"antoinette",1,2.96261183859691e-05,0
3011,"anxiously",1,2.96261183859691e-05,0
3012,"apologized",1,2.96261183859691e-05,0
3013,"apology",1,2.96261183859691e-05,0
3014,"apparent",1,2.96261183859691e-05,0
3015,"appealed",1,2.96261183859691e-05,0
3016,"appealing",1,2.96261183859691e-05,0
3017,"appears",1,2.96261183859691e-05,0
3018,"appreciate",1,2.96261183859691e-05,0
3019,"appreciated",1,2.96261183859691e-05,0
3020,"apprehensions",1,2.96261183859691e-05,0
3021,"apprehensively",1,2.96261183859691e-05,0
3022,"apt",1,2.96261183859691e-05,0
3023,"archbishop",1,2.96261183859691e-05,0
3024,"archduchess",1,2.96261183859691e-05,0
3025,"archer",1,2.96261183859691e-05,0
3026,"areas",1,2.96261183859691e-05,0
3027,"argentine",1,2.96261183859691e-05,0
3028,"arguing",1,2.96261183859691e-05,0
3029,"argument",1,2.96261183859691e-05,0
3030,"arose",1,2.96261183859691e-05,0
3031,"arranges",1,2.96261183859691e-05,0
3032,"arriving",1,2.96261183859691e-05,0
3033,"arthur",1,2.96261183859691e-05,0
3034,"artistic",1,2.96261183859691e-05,0
3035,"artistically",1,2.96261183859691e-05,0
3036,"arts",1,2.96261183859691e-05,0
3037,"ash",1,2.96261183859691e-05,0
3038,"aspect",1,2.96261183859691e-05,0
3039,"assailant",1,2.96261183859691e-05,0
3040,"assemble",1,2.96261183859691e-05,0
3041,"assent",1,2.96261183859691e-05,0
3042,"assented",1,2.96261183859691e-05,0
3043,"assets",1,2.96261183859691e-05,0
3044,"assiduously",1,2.96261183859691e-05,0
3045,"assistance",1,2.96261183859691e-05,0
3046,"assisted",1,2.96261183859691e-05,0
3047,"assisting",1,2.96261183859691e-05,0
3048,"associated",1,2.96261183859691e-05,0
3049,"associates",1,2.96261183859691e-05,0
3050,"assorted",1,2.96261183859691e-05,0
3051,"assumed",1,2.96261183859691e-05,0
3052,"assuming",1,2.96261183859691e-05,0
3053,"assurances",1,2.96261183859691e-05,0
3054,"astute",1,2.96261183859691e-05,0
3055,"ate",1,2.96261183859691e-05,0
3056,"atmospheric",1,2.96261183859691e-05,0
3057,"attaches",1,2.96261183859691e-05,0
3058,"attacked",1,2.96261183859691e-05,0
3059,"attendance",1,2.96261183859691e-05,0
3060,"attendant",1,2.96261183859691e-05,0
3061,"attendants",1,2.96261183859691e-05,0
3062,"attract",1,2.96261183859691e-05,0
3063,"attraction",1,2.96261183859691e-05,0
3064,"audacity",1,2.96261183859691e-05,0
3065,"austere",1,2.96261183859691e-05,0
3066,"australia",1,2.96261183859691e-05,0
3067,"austrian",1,2.96261183859691e-05,0
3068,"authorities",1,2.96261183859691e-05,0
3069,"auto",1,2.96261183859691e-05,0
3070,"automatically",1,2.96261183859691e-05,0
3071,"avail",1,2.96261183859691e-05,0
3072,"avoid",1,2.96261183859691e-05,0
3073,"await",1,2.96261183859691e-05,0
3074,"awaited",1,2.96261183859691e-05,0
3075,"awake",1,2.96261183859691e-05,0
3076,"awakening",1,2.96261183859691e-05,0
3077,"awkwardness",1,2.96261183859691e-05,0
3078,"awkwardnesses",1,2.96261183859691e-05,0
3079,"awoke",1,2.96261183859691e-05,0
3080,"bagages",1,2.96261183859691e-05,0
3081,"balbriggan",1,2.96261183859691e-05,0
3082,"balcony",1,2.96261183859691e-05,0
3083,"balked",1,2.96261183859691e-05,0
3084,"ball",1,2.96261183859691e-05,0
3085,"ballet",1,2.96261183859691e-05,0
3086,"balls",1,2.96261183859691e-05,0
3087,"balustrade",1,2.96261183859691e-05,0
3088,"banisters",1,2.96261183859691e-05,0
3089,"bankrupt",1,2.96261183859691e-05,0
3090,"barbarians",1,2.96261183859691e-05,0
3091,"barely",1,2.96261183859691e-05,0
3092,"barrier",1,2.96261183859691e-05,0
3093,"bartheimers",1,2.96261183859691e-05,0
3094,"bath",1,2.96261183859691e-05,0
3095,"bats",1,2.96261183859691e-05,0
3096,"battles",1,2.96261183859691e-05,0
3097,"beady",1,2.96261183859691e-05,0
3098,"beamingly",1,2.96261183859691e-05,0
3099,"béarnaise",1,2.96261183859691e-05,0
3100,"beastly",1,2.96261183859691e-05,0
3101,"beat",1,2.96261183859691e-05,0
3102,"beatrice",1,2.96261183859691e-05,0
3103,"beauties",1,2.96261183859691e-05,0
3104,"beautifully",1,2.96261183859691e-05,0
3105,"bedclothes",1,2.96261183859691e-05,0
3106,"bedstead",1,2.96261183859691e-05,0
3107,"befallen",1,2.96261183859691e-05,0
3108,"begin",1,2.96261183859691e-05,0
3109,"begs",1,2.96261183859691e-05,0
3110,"beguiling",1,2.96261183859691e-05,0
3111,"begun",1,2.96261183859691e-05,0
3112,"behalf",1,2.96261183859691e-05,0
3113,"behave",1,2.96261183859691e-05,0
3114,"behold",1,2.96261183859691e-05,0
3115,"belle",1,2.96261183859691e-05,0
3116,"bells",1,2.96261183859691e-05,0
3117,"belonged",1,2.96261183859691e-05,0
3118,"belongings",1,2.96261183859691e-05,0
3119,"belongs",1,2.96261183859691e-05,0
3120,"bench",1,2.96261183859691e-05,0
3121,"bereavement",1,2.96261183859691e-05,0
3122,"bespeaking",1,2.96261183859691e-05,0
3123,"betraying",1,2.96261183859691e-05,0
3124,"beware",1,2.96261183859691e-05,0
3125,"bewildered",1,2.96261183859691e-05,0
3126,"bidden",1,2.96261183859691e-05,0
3127,"billet",1,2.96261183859691e-05,0
3128,"bird",1,2.96261183859691e-05,0
3129,"birds",1,2.96261183859691e-05,0
3130,"bits",1,2.96261183859691e-05,0
3131,"bitter",1,2.96261183859691e-05,0
3132,"bitterness",1,2.96261183859691e-05,0
3133,"blackmailer",1,2.96261183859691e-05,0
3134,"blameless",1,2.96261183859691e-05,0
3135,"blank",1,2.96261183859691e-05,0
3136,"bleeding",1,2.96261183859691e-05,0
3137,"bless",1,2.96261183859691e-05,0
3138,"blind",1,2.96261183859691e-05,0
3139,"bloom",1,2.96261183859691e-05,0
3140,"blossoms",1,2.96261183859691e-05,0
3141,"bluest",1,2.96261183859691e-05,0
3142,"bluffs",1,2.96261183859691e-05,0
3143,"boast",1,2.96261183859691e-05,0
3144,"bodily",1,2.96261183859691e-05,0
3145,"bogus",1,2.96261183859691e-05,0
3146,"bond",1,2.96261183859691e-05,0
3147,"bones",1,2.96261183859691e-05,0
3148,"bonier",1,2.96261183859691e-05,0
3149,"bookmaker",1,2.96261183859691e-05,0
3150,"books",1,2.96261183859691e-05,0
3151,"boon",1,2.96261183859691e-05,0
3152,"boot",1,2.96261183859691e-05,0
3153,"bored",1,2.96261183859691e-05,0
3154,"bother",1,2.96261183859691e-05,0
3155,"bottle",1,2.96261183859691e-05,0
3156,"bottles",1,2.96261183859691e-05,0
3157,"bowl",1,2.96261183859691e-05,0
3158,"bowled",1,2.96261183859691e-05,0
3159,"boyishly",1,2.96261183859691e-05,0
3160,"branch",1,2.96261183859691e-05,0
3161,"branches",1,2.96261183859691e-05,0
3162,"brand",1,2.96261183859691e-05,0
3163,"brandy",1,2.96261183859691e-05,0
3164,"brasses",1,2.96261183859691e-05,0
3165,"brave",1,2.96261183859691e-05,0
3166,"brazen",1,2.96261183859691e-05,0
3167,"breaker",1,2.96261183859691e-05,0
3168,"breeziness",1,2.96261183859691e-05,0
3169,"bribe",1,2.96261183859691e-05,0
3170,"bribes",1,2.96261183859691e-05,0
3171,"briefly",1,2.96261183859691e-05,0
3172,"bright",1,2.96261183859691e-05,0
3173,"brightened",1,2.96261183859691e-05,0
3174,"brighter",1,2.96261183859691e-05,0
3175,"brilliant",1,2.96261183859691e-05,0
3176,"brings",1,2.96261183859691e-05,0
3177,"britons",1,2.96261183859691e-05,0
3178,"broaden",1,2.96261183859691e-05,0
3179,"brooch",1,2.96261183859691e-05,0
3180,"brother",1,2.96261183859691e-05,0
3181,"brushing",1,2.96261183859691e-05,0
3182,"brute",1,2.96261183859691e-05,0
3183,"buckingham",1,2.96261183859691e-05,0
3184,"budge",1,2.96261183859691e-05,0
3185,"bulked",1,2.96261183859691e-05,0
3186,"bullet",1,2.96261183859691e-05,0
3187,"bully",1,2.96261183859691e-05,0
3188,"bunch",1,2.96261183859691e-05,0
3189,"bunches",1,2.96261183859691e-05,0
3190,"burglars",1,2.96261183859691e-05,0
3191,"burned",1,2.96261183859691e-05,0
3192,"burnings",1,2.96261183859691e-05,0
3193,"burnished",1,2.96261183859691e-05,0
3194,"burst",1,2.96261183859691e-05,0
3195,"bursting",1,2.96261183859691e-05,0
3196,"bursts",1,2.96261183859691e-05,0
3197,"bury",1,2.96261183859691e-05,0
3198,"bushy",1,2.96261183859691e-05,0
3199,"bustling",1,2.96261183859691e-05,0
3200,"butler",1,2.96261183859691e-05,0
3201,"buttered",1,2.96261183859691e-05,0
3202,"button",1,2.96261183859691e-05,0
3203,"buttonhole",1,2.96261183859691e-05,0
3204,"byways",1,2.96261183859691e-05,0
3205,"cabin",1,2.96261183859691e-05,0
3206,"cable",1,2.96261183859691e-05,0
3207,"cackle",1,2.96261183859691e-05,0
3208,"café",1,2.96261183859691e-05,0
3209,"calculated",1,2.96261183859691e-05,0
3210,"calculating",1,2.96261183859691e-05,0
3211,"calmly",1,2.96261183859691e-05,0
3212,"camellia",1,2.96261183859691e-05,0
3213,"camera",1,2.96261183859691e-05,0
3214,"camouflage",1,2.96261183859691e-05,0
3215,"cancer",1,2.96261183859691e-05,0
3216,"candid",1,2.96261183859691e-05,0
3217,"cane",1,2.96261183859691e-05,0
3218,"cantankerous",1,2.96261183859691e-05,0
3219,"canterbury",1,2.96261183859691e-05,0
3220,"capture",1,2.96261183859691e-05,0
3221,"cardboard",1,2.96261183859691e-05,0
3222,"carefree",1,2.96261183859691e-05,0
3223,"caring",1,2.96261183859691e-05,0
3224,"carlotta",1,2.96261183859691e-05,0
3225,"carrots",1,2.96261183859691e-05,0
3226,"cars",1,2.96261183859691e-05,0
3227,"cartload",1,2.96261183859691e-05,0
3228,"casserole",1,2.96261183859691e-05,0
3229,"castle",1,2.96261183859691e-05,0
3230,"catastrophe",1,2.96261183859691e-05,0
3231,"catching",1,2.96261183859691e-05,0
3232,"categorically",1,2.96261183859691e-05,0
3233,"caustic",1,2.96261183859691e-05,0
3234,"caution",1,2.96261183859691e-05,0
3235,"celebrated",1,2.96261183859691e-05,0
3236,"cellar",1,2.96261183859691e-05,0
3237,"cent",1,2.96261183859691e-05,0
3238,"certainty",1,2.96261183859691e-05,0
3239,"chalky",1,2.96261183859691e-05,0
3240,"challenged",1,2.96261183859691e-05,0
3241,"champs",1,2.96261183859691e-05,0
3242,"chanced",1,2.96261183859691e-05,0
3243,"chancing",1,2.96261183859691e-05,0
3244,"chandler",1,2.96261183859691e-05,0
3245,"changes",1,2.96261183859691e-05,0
3246,"changing",1,2.96261183859691e-05,0
3247,"channels",1,2.96261183859691e-05,0
3248,"chap",1,2.96261183859691e-05,0
3249,"chaps",1,2.96261183859691e-05,0
3250,"characters",1,2.96261183859691e-05,0
3251,"charity",1,2.96261183859691e-05,0
3252,"charlie",1,2.96261183859691e-05,0
3253,"charmed",1,2.96261183859691e-05,0
3254,"charmers",1,2.96261183859691e-05,0
3255,"chase",1,2.96261183859691e-05,0
3256,"châtelaine",1,2.96261183859691e-05,0
3257,"chatter",1,2.96261183859691e-05,0
3258,"chattering",1,2.96261183859691e-05,0
3259,"chatting",1,2.96261183859691e-05,0
3260,"cheap",1,2.96261183859691e-05,0
3261,"check",1,2.96261183859691e-05,0
3262,"cheek",1,2.96261183859691e-05,0
3263,"cheerful",1,2.96261183859691e-05,0
3264,"chéri",1,2.96261183859691e-05,0
3265,"chérie",1,2.96261183859691e-05,0
3266,"chez",1,2.96261183859691e-05,0
3267,"chic",1,2.96261183859691e-05,0
3268,"chicken",1,2.96261183859691e-05,0
3269,"childhood",1,2.96261183859691e-05,0
3270,"chilly",1,2.96261183859691e-05,0
3271,"chimney",1,2.96261183859691e-05,0
3272,"china",1,2.96261183859691e-05,0
3273,"chine",1,2.96261183859691e-05,0
3274,"chinese",1,2.96261183859691e-05,0
3275,"choir",1,2.96261183859691e-05,0
3276,"choke",1,2.96261183859691e-05,0
3277,"chose",1,2.96261183859691e-05,0
3278,"chosen",1,2.96261183859691e-05,0
3279,"christened",1,2.96261183859691e-05,0
3280,"christie",1,2.96261183859691e-05,0
3281,"chuck",1,2.96261183859691e-05,0
3282,"chuckle",1,2.96261183859691e-05,0
3283,"cigar",1,2.96261183859691e-05,0
3284,"circling",1,2.96261183859691e-05,0
3285,"circus",1,2.96261183859691e-05,0
3286,"clad",1,2.96261183859691e-05,0
3287,"clair",1,2.96261183859691e-05,0
3288,"clanravon",1,2.96261183859691e-05,0
3289,"claud",1,2.96261183859691e-05,0
3290,"clean",1,2.96261183859691e-05,0
3291,"clearing",1,2.96261183859691e-05,0
3292,"cleft",1,2.96261183859691e-05,0
3293,"clench",1,2.96261183859691e-05,0
3294,"clenched",1,2.96261183859691e-05,0
3295,"cleverly",1,2.96261183859691e-05,0
3296,"climbed",1,2.96261183859691e-05,0
3297,"clinch",1,2.96261183859691e-05,0
3298,"clinging",1,2.96261183859691e-05,0
3299,"clouded",1,2.96261183859691e-05,0
3300,"clutches",1,2.96261183859691e-05,0
3301,"clutching",1,2.96261183859691e-05,0
3302,"coals",1,2.96261183859691e-05,0
3303,"coarse",1,2.96261183859691e-05,0
3304,"cocktails",1,2.96261183859691e-05,0
3305,"code",1,2.96261183859691e-05,0
3306,"cogitations",1,2.96261183859691e-05,0
3307,"coherently",1,2.96261183859691e-05,0
3308,"coincidences",1,2.96261183859691e-05,0
3309,"colleagues",1,2.96261183859691e-05,0
3310,"collect",1,2.96261183859691e-05,0
3311,"collected",1,2.96261183859691e-05,0
3312,"collects",1,2.96261183859691e-05,0
3313,"collide",1,2.96261183859691e-05,0
3314,"colloquy",1,2.96261183859691e-05,0
3315,"colossal",1,2.96261183859691e-05,0
3316,"combination",1,2.96261183859691e-05,0
3317,"combine",1,2.96261183859691e-05,0
3318,"comer",1,2.96261183859691e-05,0
3319,"comfortable",1,2.96261183859691e-05,0
3320,"comically",1,2.96261183859691e-05,0
3321,"command",1,2.96261183859691e-05,0
3322,"commanded",1,2.96261183859691e-05,0
3323,"commendable",1,2.96261183859691e-05,0
3324,"commented",1,2.96261183859691e-05,0
3325,"commission",1,2.96261183859691e-05,0
3326,"committally",1,2.96261183859691e-05,0
3327,"communicate",1,2.96261183859691e-05,0
3328,"communications",1,2.96261183859691e-05,0
3329,"compagnie",1,2.96261183859691e-05,0
3330,"comparatively",1,2.96261183859691e-05,0
3331,"compassion",1,2.96261183859691e-05,0
3332,"compelled",1,2.96261183859691e-05,0
3333,"complain",1,2.96261183859691e-05,0
3334,"completed",1,2.96261183859691e-05,0
3335,"complications",1,2.96261183859691e-05,0
3336,"compliment",1,2.96261183859691e-05,0
3337,"composedly",1,2.96261183859691e-05,0
3338,"composure",1,2.96261183859691e-05,0
3339,"compound",1,2.96261183859691e-05,0
3340,"comprehending",1,2.96261183859691e-05,0
3341,"comprehendingly",1,2.96261183859691e-05,0
3342,"comprehensible",1,2.96261183859691e-05,0
3343,"compromising",1,2.96261183859691e-05,0
3344,"concealing",1,2.96261183859691e-05,0
3345,"conceivable",1,2.96261183859691e-05,0
3346,"concentrate",1,2.96261183859691e-05,0
3347,"concentrated",1,2.96261183859691e-05,0
3348,"concluding",1,2.96261183859691e-05,0
3349,"conclusion",1,2.96261183859691e-05,0
3350,"conclusive",1,2.96261183859691e-05,0
3351,"concorde",1,2.96261183859691e-05,0
3352,"condemn",1,2.96261183859691e-05,0
3353,"condolences",1,2.96261183859691e-05,0
3354,"conducted",1,2.96261183859691e-05,0
3355,"confection",1,2.96261183859691e-05,0
3356,"conference",1,2.96261183859691e-05,0
3357,"conferences",1,2.96261183859691e-05,0
3358,"confide",1,2.96261183859691e-05,0
3359,"confided",1,2.96261183859691e-05,0
3360,"confidences",1,2.96261183859691e-05,0
3361,"confident",1,2.96261183859691e-05,0
3362,"confidentially",1,2.96261183859691e-05,0
3363,"confidingly",1,2.96261183859691e-05,0
3364,"confirming",1,2.96261183859691e-05,0
3365,"conform",1,2.96261183859691e-05,0
3366,"congenial",1,2.96261183859691e-05,0
3367,"congratulate",1,2.96261183859691e-05,0
3368,"congratulations",1,2.96261183859691e-05,0
3369,"connection",1,2.96261183859691e-05,0
3370,"conscientious",1,2.96261183859691e-05,0
3371,"conscious",1,2.96261183859691e-05,0
3372,"consciousness",1,2.96261183859691e-05,0
3373,"consent",1,2.96261183859691e-05,0
3374,"consequence",1,2.96261183859691e-05,0
3375,"considerably",1,2.96261183859691e-05,0
3376,"consideration",1,2.96261183859691e-05,0
3377,"consigned",1,2.96261183859691e-05,0
3378,"consisting",1,2.96261183859691e-05,0
3379,"console",1,2.96261183859691e-05,0
3380,"conspicuous",1,2.96261183859691e-05,0
3381,"consults",1,2.96261183859691e-05,0
3382,"consummate",1,2.96261183859691e-05,0
3383,"contain",1,2.96261183859691e-05,0
3384,"contained",1,2.96261183859691e-05,0
3385,"containing",1,2.96261183859691e-05,0
3386,"content",1,2.96261183859691e-05,0
3387,"contented",1,2.96261183859691e-05,0
3388,"contentedly",1,2.96261183859691e-05,0
3389,"contest",1,2.96261183859691e-05,0
3390,"contests",1,2.96261183859691e-05,0
3391,"continental",1,2.96261183859691e-05,0
3392,"continually",1,2.96261183859691e-05,0
3393,"continuance",1,2.96261183859691e-05,0
3394,"contours",1,2.96261183859691e-05,0
3395,"contradicting",1,2.96261183859691e-05,0
3396,"contraries",1,2.96261183859691e-05,0
3397,"contributing",1,2.96261183859691e-05,0
3398,"conveniently",1,2.96261183859691e-05,0
3399,"conversed",1,2.96261183859691e-05,0
3400,"convicted",1,2.96261183859691e-05,0
3401,"convince",1,2.96261183859691e-05,0
3402,"convulsively",1,2.96261183859691e-05,0
3403,"cooled",1,2.96261183859691e-05,0
3404,"coolness",1,2.96261183859691e-05,0
3405,"cooped",1,2.96261183859691e-05,0
3406,"cooper",1,2.96261183859691e-05,0
3407,"copyright",1,2.96261183859691e-05,0
3408,"corals",1,2.96261183859691e-05,0
3409,"cordial",1,2.96261183859691e-05,0
3410,"cordiality",1,2.96261183859691e-05,0
3411,"cordially",1,2.96261183859691e-05,0
3412,"core",1,2.96261183859691e-05,0
3413,"corn",1,2.96261183859691e-05,0
3414,"corners",1,2.96261183859691e-05,0
3415,"cornice",1,2.96261183859691e-05,0
3416,"corrected",1,2.96261183859691e-05,0
3417,"correctitude",1,2.96261183859691e-05,0
3418,"correctly",1,2.96261183859691e-05,0
3419,"corsets",1,2.96261183859691e-05,0
3420,"coster",1,2.96261183859691e-05,0
3421,"costume",1,2.96261183859691e-05,0
3422,"cottage",1,2.96261183859691e-05,0
3423,"couch",1,2.96261183859691e-05,0
3424,"counted",1,2.96261183859691e-05,0
3425,"counter",1,2.96261183859691e-05,0
3426,"countries",1,2.96261183859691e-05,0
3427,"coup",1,2.96261183859691e-05,0
3428,"courses",1,2.96261183859691e-05,0
3429,"courts",1,2.96261183859691e-05,0
3430,"cousins",1,2.96261183859691e-05,0
3431,"covert",1,2.96261183859691e-05,0
3432,"coward",1,2.96261183859691e-05,0
3433,"cowardly",1,2.96261183859691e-05,0
3434,"cowered",1,2.96261183859691e-05,0
3435,"cradle",1,2.96261183859691e-05,0
3436,"cramming",1,2.96261183859691e-05,0
3437,"cream",1,2.96261183859691e-05,0
3438,"created",1,2.96261183859691e-05,0
3439,"creator",1,2.96261183859691e-05,0
3440,"creature",1,2.96261183859691e-05,0
3441,"creditors",1,2.96261183859691e-05,0
3442,"creep",1,2.96261183859691e-05,0
3443,"crêpe",1,2.96261183859691e-05,0
3444,"crept",1,2.96261183859691e-05,0
3445,"cretonne",1,2.96261183859691e-05,0
3446,"crimson",1,2.96261183859691e-05,0
3447,"crippen",1,2.96261183859691e-05,0
3448,"crisply",1,2.96261183859691e-05,0
3449,"croissant",1,2.96261183859691e-05,0
3450,"crooked",1,2.96261183859691e-05,0
3451,"croquet",1,2.96261183859691e-05,0
3452,"cross",1,2.96261183859691e-05,0
3453,"crosses",1,2.96261183859691e-05,0
3454,"crowded",1,2.96261183859691e-05,0
3455,"crows",1,2.96261183859691e-05,0
3456,"crudity",1,2.96261183859691e-05,0
3457,"cruel",1,2.96261183859691e-05,0
3458,"cruelly",1,2.96261183859691e-05,0
3459,"crumpled",1,2.96261183859691e-05,0
3460,"cudgelled",1,2.96261183859691e-05,0
3461,"cultivating",1,2.96261183859691e-05,0
3462,"cunning",1,2.96261183859691e-05,0
3463,"cupboards",1,2.96261183859691e-05,0
3464,"curmudgeon",1,2.96261183859691e-05,0
3465,"curse",1,2.96261183859691e-05,0
3466,"cursory",1,2.96261183859691e-05,0
3467,"curtains",1,2.96261183859691e-05,0
3468,"curving",1,2.96261183859691e-05,0
3469,"cushion",1,2.96261183859691e-05,0
3470,"cuss",1,2.96261183859691e-05,0
3471,"customers",1,2.96261183859691e-05,0
3472,"customs",1,2.96261183859691e-05,0
3473,"cuthbertson",1,2.96261183859691e-05,0
3474,"cutter",1,2.96261183859691e-05,0
3475,"cynical",1,2.96261183859691e-05,0
3476,"dabbed",1,2.96261183859691e-05,0
3477,"dairy",1,2.96261183859691e-05,0
3478,"damages",1,2.96261183859691e-05,0
3479,"damped",1,2.96261183859691e-05,0
3480,"dances",1,2.96261183859691e-05,0
3481,"dared",1,2.96261183859691e-05,0
3482,"daring",1,2.96261183859691e-05,0
3483,"darkness",1,2.96261183859691e-05,0
3484,"dashed",1,2.96261183859691e-05,0
3485,"dated",1,2.96261183859691e-05,0
3486,"dazzling",1,2.96261183859691e-05,0
3487,"debarrass",1,2.96261183859691e-05,0
3488,"debts",1,2.96261183859691e-05,0
3489,"deceit",1,2.96261183859691e-05,0
3490,"deceive",1,2.96261183859691e-05,0
3491,"decency",1,2.96261183859691e-05,0
3492,"decide",1,2.96261183859691e-05,0
3493,"decisions",1,2.96261183859691e-05,0
3494,"decisive",1,2.96261183859691e-05,0
3495,"decoded",1,2.96261183859691e-05,0
3496,"decorous",1,2.96261183859691e-05,0
3497,"decree",1,2.96261183859691e-05,0
3498,"dedicated",1,2.96261183859691e-05,0
3499,"deed",1,2.96261183859691e-05,0
3500,"deference",1,2.96261183859691e-05,0
3501,"defiant",1,2.96261183859691e-05,0
3502,"defined",1,2.96261183859691e-05,0
3503,"definitely",1,2.96261183859691e-05,0
3504,"delay",1,2.96261183859691e-05,0
3505,"deliberate",1,2.96261183859691e-05,0
3506,"deliberately",1,2.96261183859691e-05,0
3507,"delicious",1,2.96261183859691e-05,0
3508,"delighted",1,2.96261183859691e-05,0
3509,"delivered",1,2.96261183859691e-05,0
3510,"delivery",1,2.96261183859691e-05,0
3511,"demand",1,2.96261183859691e-05,0
3512,"demands",1,2.96261183859691e-05,0
3513,"demean",1,2.96261183859691e-05,0
3514,"demurred",1,2.96261183859691e-05,0
3515,"denies",1,2.96261183859691e-05,0
3516,"dense",1,2.96261183859691e-05,0
3517,"departing",1,2.96261183859691e-05,0
3518,"depends",1,2.96261183859691e-05,0
3519,"depreciation",1,2.96261183859691e-05,0
3520,"depressed",1,2.96261183859691e-05,0
3521,"derange",1,2.96261183859691e-05,0
3522,"descended",1,2.96261183859691e-05,0
3523,"descends",1,2.96261183859691e-05,0
3524,"descent",1,2.96261183859691e-05,0
3525,"describes",1,2.96261183859691e-05,0
3526,"deserted",1,2.96261183859691e-05,0
3527,"deserves",1,2.96261183859691e-05,0
3528,"design",1,2.96261183859691e-05,0
3529,"designs",1,2.96261183859691e-05,0
3530,"desolate",1,2.96261183859691e-05,0
3531,"desolated",1,2.96261183859691e-05,0
3532,"desolation",1,2.96261183859691e-05,0
3533,"despair",1,2.96261183859691e-05,0
3534,"despairs",1,2.96261183859691e-05,0
3535,"desperately",1,2.96261183859691e-05,0
3536,"despised",1,2.96261183859691e-05,0
3537,"despite",1,2.96261183859691e-05,0
3538,"destined",1,2.96261183859691e-05,0
3539,"destiny",1,2.96261183859691e-05,0
3540,"destroyed",1,2.96261183859691e-05,0
3541,"desultory",1,2.96261183859691e-05,0
3542,"detailed",1,2.96261183859691e-05,0
3543,"detain",1,2.96261183859691e-05,0
3544,"detecting",1,2.96261183859691e-05,0
3545,"detectives",1,2.96261183859691e-05,0
3546,"deter",1,2.96261183859691e-05,0
3547,"determined",1,2.96261183859691e-05,0
3548,"developed",1,2.96261183859691e-05,0
3549,"developments",1,2.96261183859691e-05,0
3550,"device",1,2.96261183859691e-05,0
3551,"devize",1,2.96261183859691e-05,0
3552,"devoid",1,2.96261183859691e-05,0
3553,"dexterously",1,2.96261183859691e-05,0
3554,"diablement",1,2.96261183859691e-05,0
3555,"diamonds",1,2.96261183859691e-05,0
3556,"dictate",1,2.96261183859691e-05,0
3557,"dies",1,2.96261183859691e-05,0
3558,"differently",1,2.96261183859691e-05,0
3559,"diffidently",1,2.96261183859691e-05,0
3560,"digest",1,2.96261183859691e-05,0
3561,"dilapidated",1,2.96261183859691e-05,0
3562,"diligence",1,2.96261183859691e-05,0
3563,"din",1,2.96261183859691e-05,0
3564,"dingy",1,2.96261183859691e-05,0
3565,"directed",1,2.96261183859691e-05,0
3566,"directions",1,2.96261183859691e-05,0
3567,"directness",1,2.96261183859691e-05,0
3568,"disagreeable",1,2.96261183859691e-05,0
3569,"disappointment",1,2.96261183859691e-05,0
3570,"discarded",1,2.96261183859691e-05,0
3571,"discharged",1,2.96261183859691e-05,0
3572,"disclaimer",1,2.96261183859691e-05,0
3573,"discomposed",1,2.96261183859691e-05,0
3574,"disconcerted",1,2.96261183859691e-05,0
3575,"discordantly",1,2.96261183859691e-05,0
3576,"discourage",1,2.96261183859691e-05,0
3577,"discouraging",1,2.96261183859691e-05,0
3578,"discovering",1,2.96261183859691e-05,0
3579,"discuss",1,2.96261183859691e-05,0
3580,"disembarking",1,2.96261183859691e-05,0
3581,"disgracefully",1,2.96261183859691e-05,0
3582,"disgusted",1,2.96261183859691e-05,0
3583,"dishonoured",1,2.96261183859691e-05,0
3584,"disillusioned",1,2.96261183859691e-05,0
3585,"dismayed",1,2.96261183859691e-05,0
3586,"dismissed",1,2.96261183859691e-05,0
3587,"dispatched",1,2.96261183859691e-05,0
3588,"displeased",1,2.96261183859691e-05,0
3589,"disposal",1,2.96261183859691e-05,0
3590,"dispositions",1,2.96261183859691e-05,0
3591,"disregarding",1,2.96261183859691e-05,0
3592,"distant",1,2.96261183859691e-05,0
3593,"distasteful",1,2.96261183859691e-05,0
3594,"distinctive",1,2.96261183859691e-05,0
3595,"distorted",1,2.96261183859691e-05,0
3596,"distracted",1,2.96261183859691e-05,0
3597,"disturb",1,2.96261183859691e-05,0
3598,"disturbing",1,2.96261183859691e-05,0
3599,"dit",1,2.96261183859691e-05,0
3600,"dived",1,2.96261183859691e-05,0
3601,"divine",1,2.96261183859691e-05,0
3602,"divined",1,2.96261183859691e-05,0
3603,"divorced",1,2.96261183859691e-05,0
3604,"divorcing",1,2.96261183859691e-05,0
3605,"document",1,2.96261183859691e-05,0
3606,"dodd",1,2.96261183859691e-05,0
3607,"dodge",1,2.96261183859691e-05,0
3608,"domed",1,2.96261183859691e-05,0
3609,"doom",1,2.96261183859691e-05,0
3610,"doors",1,2.96261183859691e-05,0
3611,"doorstep",1,2.96261183859691e-05,0
3612,"dot",1,2.96261183859691e-05,0
3613,"dover",1,2.96261183859691e-05,0
3614,"downright",1,2.96261183859691e-05,0
3615,"dozed",1,2.96261183859691e-05,0
3616,"drab",1,2.96261183859691e-05,0
3617,"dramatically",1,2.96261183859691e-05,0
3618,"drank",1,2.96261183859691e-05,0
3619,"drastic",1,2.96261183859691e-05,0
3620,"draught",1,2.96261183859691e-05,0
3621,"drawers",1,2.96261183859691e-05,0
3622,"drawl",1,2.96261183859691e-05,0
3623,"dreading",1,2.96261183859691e-05,0
3624,"dream",1,2.96261183859691e-05,0
3625,"dressmaker",1,2.96261183859691e-05,0
3626,"dressmaking",1,2.96261183859691e-05,0
3627,"dried",1,2.96261183859691e-05,0
3628,"drinks",1,2.96261183859691e-05,0
3629,"driver",1,2.96261183859691e-05,0
3630,"drives",1,2.96261183859691e-05,0
3631,"drooping",1,2.96261183859691e-05,0
3632,"drops",1,2.96261183859691e-05,0
3633,"drummed",1,2.96261183859691e-05,0
3634,"duality",1,2.96261183859691e-05,0
3635,"duck",1,2.96261183859691e-05,0
3636,"duel",1,2.96261183859691e-05,0
3637,"dug",1,2.96261183859691e-05,0
3638,"dumbfounded",1,2.96261183859691e-05,0
3639,"duplicate",1,2.96261183859691e-05,0
3640,"durned",1,2.96261183859691e-05,0
3641,"dwell",1,2.96261183859691e-05,0
3642,"dyspepsia",1,2.96261183859691e-05,0
3643,"eagerness",1,2.96261183859691e-05,0
3644,"earn",1,2.96261183859691e-05,0
3645,"earnest",1,2.96261183859691e-05,0
3646,"earrings",1,2.96261183859691e-05,0
3647,"earshot",1,2.96261183859691e-05,0
3648,"easiest",1,2.96261183859691e-05,0
3649,"eastern",1,2.96261183859691e-05,0
3650,"eaten",1,2.96261183859691e-05,0
3651,"eccentric",1,2.96261183859691e-05,0
3652,"educated",1,2.96261183859691e-05,0
3653,"effective",1,2.96261183859691e-05,0
3654,"efficient",1,2.96261183859691e-05,0
3655,"egoism",1,2.96261183859691e-05,0
3656,"egotistical",1,2.96261183859691e-05,0
3657,"egypt",1,2.96261183859691e-05,0
3658,"eighteen",1,2.96261183859691e-05,0
3659,"elaborately",1,2.96261183859691e-05,0
3660,"eloquence",1,2.96261183859691e-05,0
3661,"eloquently",1,2.96261183859691e-05,0
3662,"elucidation",1,2.96261183859691e-05,0
3663,"eluded",1,2.96261183859691e-05,0
3664,"élysées",1,2.96261183859691e-05,0
3665,"embarrassed",1,2.96261183859691e-05,0
3666,"emerald",1,2.96261183859691e-05,0
3667,"emeralds",1,2.96261183859691e-05,0
3668,"emerge",1,2.96261183859691e-05,0
3669,"eminent",1,2.96261183859691e-05,0
3670,"emotions",1,2.96261183859691e-05,0
3671,"empire",1,2.96261183859691e-05,0
3672,"employed",1,2.96261183859691e-05,0
3673,"emptiness",1,2.96261183859691e-05,0
3674,"enclosed",1,2.96261183859691e-05,0
3675,"encountered",1,2.96261183859691e-05,0
3676,"ended",1,2.96261183859691e-05,0
3677,"ending",1,2.96261183859691e-05,0
3678,"endless",1,2.96261183859691e-05,0
3679,"endured",1,2.96261183859691e-05,0
3680,"engage",1,2.96261183859691e-05,0
3681,"engagements",1,2.96261183859691e-05,0
3682,"engineering",1,2.96261183859691e-05,0
3683,"englishmen",1,2.96261183859691e-05,0
3684,"enhanced",1,2.96261183859691e-05,0
3685,"entangled",1,2.96261183859691e-05,0
3686,"entendu",1,2.96261183859691e-05,0
3687,"enterprise",1,2.96261183859691e-05,0
3688,"enthroned",1,2.96261183859691e-05,0
3689,"entitled",1,2.96261183859691e-05,0
3690,"entrance",1,2.96261183859691e-05,0
3691,"entranced",1,2.96261183859691e-05,0
3692,"entre",1,2.96261183859691e-05,0
3693,"entreated",1,2.96261183859691e-05,0
3694,"entrecôte",1,2.96261183859691e-05,0
3695,"entries",1,2.96261183859691e-05,0
3696,"entrusted",1,2.96261183859691e-05,0
3697,"enviously",1,2.96261183859691e-05,0
3698,"envy",1,2.96261183859691e-05,0
3699,"equable",1,2.96261183859691e-05,0
3700,"equal",1,2.96261183859691e-05,0
3701,"equally",1,2.96261183859691e-05,0
3702,"errands",1,2.96261183859691e-05,0
3703,"escapes",1,2.96261183859691e-05,0
3704,"escorted",1,2.96261183859691e-05,0
3705,"especially",1,2.96261183859691e-05,0
3706,"espied",1,2.96261183859691e-05,0
3707,"espoused",1,2.96261183859691e-05,0
3708,"essential",1,2.96261183859691e-05,0
3709,"essentially",1,2.96261183859691e-05,0
3710,"established",1,2.96261183859691e-05,0
3711,"estate",1,2.96261183859691e-05,0
3712,"estates",1,2.96261183859691e-05,0
3713,"esteem",1,2.96261183859691e-05,0
3714,"etc",1,2.96261183859691e-05,0
3715,"eton",1,2.96261183859691e-05,0
3716,"europe",1,2.96261183859691e-05,0
3717,"european",1,2.96261183859691e-05,0
3718,"evasion",1,2.96261183859691e-05,0
3719,"events",1,2.96261183859691e-05,0
3720,"eventualities",1,2.96261183859691e-05,0
3721,"evil",1,2.96261183859691e-05,0
3722,"evolved",1,2.96261183859691e-05,0
3723,"exactitude",1,2.96261183859691e-05,0
3724,"exasperated",1,2.96261183859691e-05,0
3725,"exceedingly",1,2.96261183859691e-05,0
3726,"excellently",1,2.96261183859691e-05,0
3727,"exception",1,2.96261183859691e-05,0
3728,"excess",1,2.96261183859691e-05,0
3729,"exchange",1,2.96261183859691e-05,0
3730,"excited",1,2.96261183859691e-05,0
3731,"excitedly",1,2.96261183859691e-05,0
3732,"exclusively",1,2.96261183859691e-05,0
3733,"exemple",1,2.96261183859691e-05,0
3734,"exhibits",1,2.96261183859691e-05,0
3735,"existent",1,2.96261183859691e-05,0
3736,"expectation",1,2.96261183859691e-05,0
3737,"expectations",1,2.96261183859691e-05,0
3738,"experienced",1,2.96261183859691e-05,0
3739,"explaining",1,2.96261183859691e-05,0
3740,"exploitation",1,2.96261183859691e-05,0
3741,"exploited",1,2.96261183859691e-05,0
3742,"expressing",1,2.96261183859691e-05,0
3743,"extra",1,2.96261183859691e-05,0
3744,"extravagances",1,2.96261183859691e-05,0
3745,"extreme",1,2.96261183859691e-05,0
3746,"eyeglass",1,2.96261183859691e-05,0
3747,"eyesight",1,2.96261183859691e-05,0
3748,"fabulous",1,2.96261183859691e-05,0
3749,"facing",1,2.96261183859691e-05,0
3750,"factors",1,2.96261183859691e-05,0
3751,"failing",1,2.96261183859691e-05,0
3752,"failure",1,2.96261183859691e-05,0
3753,"faintly",1,2.96261183859691e-05,0
3754,"fairly",1,2.96261183859691e-05,0
3755,"faites",1,2.96261183859691e-05,0
3756,"faith",1,2.96261183859691e-05,0
3757,"fallals",1,2.96261183859691e-05,0
3758,"fallen",1,2.96261183859691e-05,0
3759,"falling",1,2.96261183859691e-05,0
3760,"fame",1,2.96261183859691e-05,0
3761,"fancying",1,2.96261183859691e-05,0
3762,"fares",1,2.96261183859691e-05,0
3763,"farewells",1,2.96261183859691e-05,0
3764,"farther",1,2.96261183859691e-05,0
3765,"fascinated",1,2.96261183859691e-05,0
3766,"fascinating",1,2.96261183859691e-05,0
3767,"fast",1,2.96261183859691e-05,0
3768,"fasten",1,2.96261183859691e-05,0
3769,"fatalities",1,2.96261183859691e-05,0
3770,"fate",1,2.96261183859691e-05,0
3771,"fatherly",1,2.96261183859691e-05,0
3772,"fatiguing",1,2.96261183859691e-05,0
3773,"feather",1,2.96261183859691e-05,0
3774,"fed",1,2.96261183859691e-05,0
3775,"feelingly",1,2.96261183859691e-05,0
3776,"feels",1,2.96261183859691e-05,0
3777,"fellows",1,2.96261183859691e-05,0
3778,"feminine",1,2.96261183859691e-05,0
3779,"fender",1,2.96261183859691e-05,0
3780,"ferret",1,2.96261183859691e-05,0
3781,"festered",1,2.96261183859691e-05,0
3782,"festoons",1,2.96261183859691e-05,0
3783,"fetched",1,2.96261183859691e-05,0
3784,"feverishly",1,2.96261183859691e-05,0
3785,"fewest",1,2.96261183859691e-05,0
3786,"fidgeted",1,2.96261183859691e-05,0
3787,"fields",1,2.96261183859691e-05,0
3788,"fiercely",1,2.96261183859691e-05,0
3789,"fighter",1,2.96261183859691e-05,0
3790,"fighting",1,2.96261183859691e-05,0
3791,"figures",1,2.96261183859691e-05,0
3792,"filet",1,2.96261183859691e-05,0
3793,"filial",1,2.96261183859691e-05,0
3794,"filigree",1,2.96261183859691e-05,0
3795,"finance",1,2.96261183859691e-05,0
3796,"finds",1,2.96261183859691e-05,0
3797,"fines",1,2.96261183859691e-05,0
3798,"finesse",1,2.96261183859691e-05,0
3799,"fingertips",1,2.96261183859691e-05,0
3800,"fired",1,2.96261183859691e-05,0
3801,"fireplace",1,2.96261183859691e-05,0
3802,"firm",1,2.96261183859691e-05,0
3803,"fitful",1,2.96261183859691e-05,0
3804,"fitfully",1,2.96261183859691e-05,0
3805,"fits",1,2.96261183859691e-05,0
3806,"fitted",1,2.96261183859691e-05,0
3807,"flamboyant",1,2.96261183859691e-05,0
3808,"flame",1,2.96261183859691e-05,0
3809,"flanders",1,2.96261183859691e-05,0
3810,"flash",1,2.96261183859691e-05,0
3811,"flatter",1,2.96261183859691e-05,0
3812,"flattered",1,2.96261183859691e-05,0
3813,"flaw",1,2.96261183859691e-05,0
3814,"fled",1,2.96261183859691e-05,0
3815,"flibbertigibbets",1,2.96261183859691e-05,0
3816,"flicker",1,2.96261183859691e-05,0
3817,"flickered",1,2.96261183859691e-05,0
3818,"flinched",1,2.96261183859691e-05,0
3819,"fling",1,2.96261183859691e-05,0
3820,"flinging",1,2.96261183859691e-05,0
3821,"flippantly",1,2.96261183859691e-05,0
3822,"floated",1,2.96261183859691e-05,0
3823,"flood",1,2.96261183859691e-05,0
3824,"flourish",1,2.96261183859691e-05,0
3825,"flowed",1,2.96261183859691e-05,0
3826,"flower",1,2.96261183859691e-05,0
3827,"flowing",1,2.96261183859691e-05,0
3828,"fluent",1,2.96261183859691e-05,0
3829,"fluff",1,2.96261183859691e-05,0
3830,"fluid",1,2.96261183859691e-05,0
3831,"flurried",1,2.96261183859691e-05,0
3832,"fly",1,2.96261183859691e-05,0
3833,"flying",1,2.96261183859691e-05,0
3834,"foamy",1,2.96261183859691e-05,0
3835,"fog",1,2.96261183859691e-05,0
3836,"fold",1,2.96261183859691e-05,0
3837,"foolishly",1,2.96261183859691e-05,0
3838,"fools",1,2.96261183859691e-05,0
3839,"forced",1,2.96261183859691e-05,0
3840,"forcible",1,2.96261183859691e-05,0
3841,"forebodingly",1,2.96261183859691e-05,0
3842,"forefront",1,2.96261183859691e-05,0
3843,"foresee",1,2.96261183859691e-05,0
3844,"foreshadowed",1,2.96261183859691e-05,0
3845,"forgets",1,2.96261183859691e-05,0
3846,"forgive",1,2.96261183859691e-05,0
3847,"forgot",1,2.96261183859691e-05,0
3848,"fork",1,2.96261183859691e-05,0
3849,"forks",1,2.96261183859691e-05,0
3850,"former",1,2.96261183859691e-05,0
3851,"formidable",1,2.96261183859691e-05,0
3852,"forms",1,2.96261183859691e-05,0
3853,"formula",1,2.96261183859691e-05,0
3854,"forthcoming",1,2.96261183859691e-05,0
3855,"forthwith",1,2.96261183859691e-05,0
3856,"fortnight",1,2.96261183859691e-05,0
3857,"fortunes",1,2.96261183859691e-05,0
3858,"founded",1,2.96261183859691e-05,0
3859,"fourteen",1,2.96261183859691e-05,0
3860,"fox",1,2.96261183859691e-05,0
3861,"fraction",1,2.96261183859691e-05,0
3862,"frame",1,2.96261183859691e-05,0
3863,"frames",1,2.96261183859691e-05,0
3864,"freely",1,2.96261183859691e-05,0
3865,"frenzy",1,2.96261183859691e-05,0
3866,"frequently",1,2.96261183859691e-05,0
3867,"freshness",1,2.96261183859691e-05,0
3868,"friendship",1,2.96261183859691e-05,0
3869,"frightful",1,2.96261183859691e-05,0
3870,"frightfully",1,2.96261183859691e-05,0
3871,"frigidity",1,2.96261183859691e-05,0
3872,"fronting",1,2.96261183859691e-05,0
3873,"froth",1,2.96261183859691e-05,0
3874,"fruit",1,2.96261183859691e-05,0
3875,"fullest",1,2.96261183859691e-05,0
3876,"fumed",1,2.96261183859691e-05,0
3877,"funnily",1,2.96261183859691e-05,0
3878,"furiously",1,2.96261183859691e-05,0
3879,"furnished",1,2.96261183859691e-05,0
3880,"furrowed",1,2.96261183859691e-05,0
3881,"fussy",1,2.96261183859691e-05,0
3882,"gaining",1,2.96261183859691e-05,0
3883,"galbraiths",1,2.96261183859691e-05,0
3884,"gallant",1,2.96261183859691e-05,0
3885,"gallantry",1,2.96261183859691e-05,0
3886,"gallic",1,2.96261183859691e-05,0
3887,"galvanized",1,2.96261183859691e-05,0
3888,"gamble",1,2.96261183859691e-05,0
3889,"gamblers",1,2.96261183859691e-05,0
3890,"gangs",1,2.96261183859691e-05,0
3891,"garage",1,2.96261183859691e-05,0
3892,"garbed",1,2.96261183859691e-05,0
3893,"garden",1,2.96261183859691e-05,0
3894,"gate",1,2.96261183859691e-05,0
3895,"gauged",1,2.96261183859691e-05,0
3896,"gaunt",1,2.96261183859691e-05,0
3897,"gazing",1,2.96261183859691e-05,0
3898,"gems",1,2.96261183859691e-05,0
3899,"generosity",1,2.96261183859691e-05,0
3900,"genial",1,2.96261183859691e-05,0
3901,"geniality",1,2.96261183859691e-05,0
3902,"genially",1,2.96261183859691e-05,0
3903,"genius",1,2.96261183859691e-05,0
3904,"gentry",1,2.96261183859691e-05,0
3905,"genuinely",1,2.96261183859691e-05,0
3906,"geraniums",1,2.96261183859691e-05,0
3907,"gestured",1,2.96261183859691e-05,0
3908,"gestures",1,2.96261183859691e-05,0
3909,"giant",1,2.96261183859691e-05,0
3910,"gift",1,2.96261183859691e-05,0
3911,"gilt",1,2.96261183859691e-05,0
3912,"ginger",1,2.96261183859691e-05,0
3913,"gladys",1,2.96261183859691e-05,0
3914,"glared",1,2.96261183859691e-05,0
3915,"gleamed",1,2.96261183859691e-05,0
3916,"glean",1,2.96261183859691e-05,0
3917,"glib",1,2.96261183859691e-05,0
3918,"glittered",1,2.96261183859691e-05,0
3919,"gloatingly",1,2.96261183859691e-05,0
3920,"gloves",1,2.96261183859691e-05,0
3921,"gnawed",1,2.96261183859691e-05,0
3922,"gnawing",1,2.96261183859691e-05,0
3923,"gosh",1,2.96261183859691e-05,0
3924,"gotha",1,2.96261183859691e-05,0
3925,"goût",1,2.96261183859691e-05,0
3926,"governor",1,2.96261183859691e-05,0
3927,"grab",1,2.96261183859691e-05,0
3928,"grabbing",1,2.96261183859691e-05,0
3929,"graceful",1,2.96261183859691e-05,0
3930,"gracious",1,2.96261183859691e-05,0
3931,"graciously",1,2.96261183859691e-05,0
3932,"gradually",1,2.96261183859691e-05,0
3933,"grandiloquent",1,2.96261183859691e-05,0
3934,"grandmother",1,2.96261183859691e-05,0
3935,"granite",1,2.96261183859691e-05,0
3936,"grant",1,2.96261183859691e-05,0
3937,"granted",1,2.96261183859691e-05,0
3938,"grass",1,2.96261183859691e-05,0
3939,"grateful",1,2.96261183859691e-05,0
3940,"gratification",1,2.96261183859691e-05,0
3941,"gratitude",1,2.96261183859691e-05,0
3942,"gravel",1,2.96261183859691e-05,0
3943,"graver",1,2.96261183859691e-05,0
3944,"grease",1,2.96261183859691e-05,0
3945,"greece",1,2.96261183859691e-05,0
3946,"greet",1,2.96261183859691e-05,0
3947,"greetings",1,2.96261183859691e-05,0
3948,"greys",1,2.96261183859691e-05,0
3949,"grilled",1,2.96261183859691e-05,0
3950,"grimy",1,2.96261183859691e-05,0
3951,"grinning",1,2.96261183859691e-05,0
3952,"gris",1,2.96261183859691e-05,0
3953,"grit",1,2.96261183859691e-05,0
3954,"groaned",1,2.96261183859691e-05,0
3955,"growing",1,2.96261183859691e-05,0
3956,"grown",1,2.96261183859691e-05,0
3957,"gruffly",1,2.96261183859691e-05,0
3958,"grunt",1,2.96261183859691e-05,0
3959,"grunts",1,2.96261183859691e-05,0
3960,"guarded",1,2.96261183859691e-05,0
3961,"guardedly",1,2.96261183859691e-05,0
3962,"guerre",1,2.96261183859691e-05,0
3963,"guessing",1,2.96261183859691e-05,0
3964,"guests",1,2.96261183859691e-05,0
3965,"guide",1,2.96261183859691e-05,0
3966,"guided",1,2.96261183859691e-05,0
3967,"guilelessly",1,2.96261183859691e-05,0
3968,"guillotine",1,2.96261183859691e-05,0
3969,"guineas",1,2.96261183859691e-05,0
3970,"gulled",1,2.96261183859691e-05,0
3971,"gulped",1,2.96261183859691e-05,0
3972,"gurgle",1,2.96261183859691e-05,0
3973,"gusto",1,2.96261183859691e-05,0
3974,"guys",1,2.96261183859691e-05,0
3975,"gynt",1,2.96261183859691e-05,0
3976,"habits",1,2.96261183859691e-05,0
3977,"haggling",1,2.96261183859691e-05,0
3978,"hammer",1,2.96261183859691e-05,0
3979,"handful",1,2.96261183859691e-05,0
3980,"handled",1,2.96261183859691e-05,0
3981,"handwriting",1,2.96261183859691e-05,0
3982,"handy",1,2.96261183859691e-05,0
3983,"hanging",1,2.96261183859691e-05,0
3984,"hankering",1,2.96261183859691e-05,0
3985,"happenings",1,2.96261183859691e-05,0
3986,"hardened",1,2.96261183859691e-05,0
3987,"harder",1,2.96261183859691e-05,0
3988,"hardness",1,2.96261183859691e-05,0
3989,"harris",1,2.96261183859691e-05,0
3990,"hasten",1,2.96261183859691e-05,0
3991,"hastily",1,2.96261183859691e-05,0
3992,"hastings",1,2.96261183859691e-05,0
3993,"hate",1,2.96261183859691e-05,0
3994,"hates",1,2.96261183859691e-05,0
3995,"haunted",1,2.96261183859691e-05,0
3996,"haunting",1,2.96261183859691e-05,0
3997,"haviland",1,2.96261183859691e-05,0
3998,"headlong",1,2.96261183859691e-05,0
3999,"heaped",1,2.96261183859691e-05,0
4000,"hearing",1,2.96261183859691e-05,0
4001,"heartaches",1,2.96261183859691e-05,0
4002,"heartened",1,2.96261183859691e-05,0
4003,"heartiness",1,2.96261183859691e-05,0
4004,"hearty",1,2.96261183859691e-05,0
4005,"heaved",1,2.96261183859691e-05,0
4006,"heavenly",1,2.96261183859691e-05,0
4007,"heaving",1,2.96261183859691e-05,0
4008,"hedge",1,2.96261183859691e-05,0
4009,"hedging",1,2.96261183859691e-05,0
4010,"heights",1,2.96261183859691e-05,0
4011,"heir",1,2.96261183859691e-05,0
4012,"hello",1,2.96261183859691e-05,0
4013,"helpfully",1,2.96261183859691e-05,0
4014,"hence",1,2.96261183859691e-05,0
4015,"herbes",1,2.96261183859691e-05,0
4016,"heresy",1,2.96261183859691e-05,0
4017,"hesitatingly",1,2.96261183859691e-05,0
4018,"hid",1,2.96261183859691e-05,0
4019,"hideous",1,2.96261183859691e-05,0
4020,"hiding",1,2.96261183859691e-05,0
4021,"highbrow",1,2.96261183859691e-05,0
4022,"highwayman",1,2.96261183859691e-05,0
4023,"hill",1,2.96261183859691e-05,0
4024,"hinting",1,2.96261183859691e-05,0
4025,"hints",1,2.96261183859691e-05,0
4026,"hiring",1,2.96261183859691e-05,0
4027,"hiss",1,2.96261183859691e-05,0
4028,"hobby",1,2.96261183859691e-05,0
4029,"hobnobbing",1,2.96261183859691e-05,0
4030,"holiday",1,2.96261183859691e-05,0
4031,"hollowly",1,2.96261183859691e-05,0
4032,"honorable",1,2.96261183859691e-05,0
4033,"honourable",1,2.96261183859691e-05,0
4034,"honoured",1,2.96261183859691e-05,0
4035,"hook",1,2.96261183859691e-05,0
4036,"horrified",1,2.96261183859691e-05,0
4037,"hospitality",1,2.96261183859691e-05,0
4038,"hostesses",1,2.96261183859691e-05,0
4039,"hotels",1,2.96261183859691e-05,0
4040,"hotly",1,2.96261183859691e-05,0
4041,"housed",1,2.96261183859691e-05,0
4042,"household",1,2.96261183859691e-05,0
4043,"housemaids",1,2.96261183859691e-05,0
4044,"houses",1,2.96261183859691e-05,0
4045,"humanity",1,2.96261183859691e-05,0
4046,"humble",1,2.96261183859691e-05,0
4047,"humbug",1,2.96261183859691e-05,0
4048,"hummed",1,2.96261183859691e-05,0
4049,"humming",1,2.96261183859691e-05,0
4050,"humor",1,2.96261183859691e-05,0
4051,"humoured",1,2.96261183859691e-05,0
4052,"humph",1,2.96261183859691e-05,0
4053,"hundredth",1,2.96261183859691e-05,0
4054,"hunt",1,2.96261183859691e-05,0
4055,"hunter",1,2.96261183859691e-05,0
4056,"hunting",1,2.96261183859691e-05,0
4057,"hurrying",1,2.96261183859691e-05,0
4058,"hurts",1,2.96261183859691e-05,0
4059,"husbands",1,2.96261183859691e-05,0
4060,"huskily",1,2.96261183859691e-05,0
4061,"hyacinths",1,2.96261183859691e-05,0
4062,"hypocrite",1,2.96261183859691e-05,0
4063,"hysterical",1,2.96261183859691e-05,0
4064,"ibsen",1,2.96261183859691e-05,0
4065,"ice",1,2.96261183859691e-05,0
4066,"ideal",1,2.96261183859691e-05,0
4067,"identified",1,2.96261183859691e-05,0
4068,"identifies",1,2.96261183859691e-05,0
4069,"idiom",1,2.96261183859691e-05,0
4070,"idiotic",1,2.96261183859691e-05,0
4071,"idly",1,2.96261183859691e-05,0
4072,"idyllic",1,2.96261183859691e-05,0
4073,"ills",1,2.96261183859691e-05,0
4074,"illumined",1,2.96261183859691e-05,0
4075,"illusion",1,2.96261183859691e-05,0
4076,"imbecile",1,2.96261183859691e-05,0
4077,"imbeciles",1,2.96261183859691e-05,0
4078,"immediate",1,2.96261183859691e-05,0
4079,"immense",1,2.96261183859691e-05,0
4080,"impartial",1,2.96261183859691e-05,0
4081,"impasse",1,2.96261183859691e-05,0
4082,"impassiveness",1,2.96261183859691e-05,0
4083,"impatient",1,2.96261183859691e-05,0
4084,"impeded",1,2.96261183859691e-05,0
4085,"impel",1,2.96261183859691e-05,0
4086,"impending",1,2.96261183859691e-05,0
4087,"imperfect",1,2.96261183859691e-05,0
4088,"impersonal",1,2.96261183859691e-05,0
4089,"impersonation",1,2.96261183859691e-05,0
4090,"impersonator",1,2.96261183859691e-05,0
4091,"imperturbable",1,2.96261183859691e-05,0
4092,"importantly",1,2.96261183859691e-05,0
4093,"imposing",1,2.96261183859691e-05,0
4094,"improbable",1,2.96261183859691e-05,0
4095,"imprudence",1,2.96261183859691e-05,0
4096,"impudence",1,2.96261183859691e-05,0
4097,"impudent",1,2.96261183859691e-05,0
4098,"impulsive",1,2.96261183859691e-05,0
4099,"impulsively",1,2.96261183859691e-05,0
4100,"impulsiveness",1,2.96261183859691e-05,0
4101,"inaccurate",1,2.96261183859691e-05,0
4102,"inc",1,2.96261183859691e-05,0
4103,"incalculable",1,2.96261183859691e-05,0
4104,"incapable",1,2.96261183859691e-05,0
4105,"inch",1,2.96261183859691e-05,0
4106,"inches",1,2.96261183859691e-05,0
4107,"incident",1,2.96261183859691e-05,0
4108,"including",1,2.96261183859691e-05,0
4109,"inconvenience",1,2.96261183859691e-05,0
4110,"incredible",1,2.96261183859691e-05,0
4111,"incredibly",1,2.96261183859691e-05,0
4112,"incredulity",1,2.96261183859691e-05,0
4113,"incriminating",1,2.96261183859691e-05,0
4114,"indescribably",1,2.96261183859691e-05,0
4115,"indifference",1,2.96261183859691e-05,0
4116,"indignantly",1,2.96261183859691e-05,0
4117,"indignation",1,2.96261183859691e-05,0
4118,"indisposed",1,2.96261183859691e-05,0
4119,"induce",1,2.96261183859691e-05,0
4120,"induces",1,2.96261183859691e-05,0
4121,"indulged",1,2.96261183859691e-05,0
4122,"inefficient",1,2.96261183859691e-05,0
4123,"inevitable",1,2.96261183859691e-05,0
4124,"infallibly",1,2.96261183859691e-05,0
4125,"infatuated",1,2.96261183859691e-05,0
4126,"infernally",1,2.96261183859691e-05,0
4127,"infinitesimal",1,2.96261183859691e-05,0
4128,"inflection",1,2.96261183859691e-05,0
4129,"influence",1,2.96261183859691e-05,0
4130,"inform",1,2.96261183859691e-05,0
4131,"ingenious",1,2.96261183859691e-05,0
4132,"ingenuousness",1,2.96261183859691e-05,0
4133,"ingratiating",1,2.96261183859691e-05,0
4134,"inhabitants",1,2.96261183859691e-05,0
4135,"iniquitous",1,2.96261183859691e-05,0
4136,"injunctions",1,2.96261183859691e-05,0
4137,"injury",1,2.96261183859691e-05,0
4138,"inkling",1,2.96261183859691e-05,0
4139,"inn",1,2.96261183859691e-05,0
4140,"innumerable",1,2.96261183859691e-05,0
4141,"inoui",1,2.96261183859691e-05,0
4142,"inquiry",1,2.96261183859691e-05,0
4143,"insensibly",1,2.96261183859691e-05,0
4144,"insidious",1,2.96261183859691e-05,0
4145,"insignificance",1,2.96261183859691e-05,0
4146,"insincere",1,2.96261183859691e-05,0
4147,"insinuate",1,2.96261183859691e-05,0
4148,"insist",1,2.96261183859691e-05,0
4149,"insolent",1,2.96261183859691e-05,0
4150,"insouciance",1,2.96261183859691e-05,0
4151,"inspector",1,2.96261183859691e-05,0
4152,"inspiration",1,2.96261183859691e-05,0
4153,"inspiring",1,2.96261183859691e-05,0
4154,"installing",1,2.96261183859691e-05,0
4155,"instances",1,2.96261183859691e-05,0
4156,"instantaneous",1,2.96261183859691e-05,0
4157,"instincts",1,2.96261183859691e-05,0
4158,"insuperable",1,2.96261183859691e-05,0
4159,"insured",1,2.96261183859691e-05,0
4160,"intake",1,2.96261183859691e-05,0
4161,"intend",1,2.96261183859691e-05,0
4162,"intensely",1,2.96261183859691e-05,0
4163,"intent",1,2.96261183859691e-05,0
4164,"intention",1,2.96261183859691e-05,0
4165,"intentions",1,2.96261183859691e-05,0
4166,"interchanges",1,2.96261183859691e-05,0
4167,"interfere",1,2.96261183859691e-05,0
4168,"interfering",1,2.96261183859691e-05,0
4169,"interior",1,2.96261183859691e-05,0
4170,"interminable",1,2.96261183859691e-05,0
4171,"international",1,2.96261183859691e-05,0
4172,"internationale",1,2.96261183859691e-05,0
4173,"interpolated",1,2.96261183859691e-05,0
4174,"interpreter",1,2.96261183859691e-05,0
4175,"interruption",1,2.96261183859691e-05,0
4176,"interspersed",1,2.96261183859691e-05,0
4177,"intimately",1,2.96261183859691e-05,0
4178,"intolerable",1,2.96261183859691e-05,0
4179,"introductory",1,2.96261183859691e-05,0
4180,"invariably",1,2.96261183859691e-05,0
4181,"invented",1,2.96261183859691e-05,0
4182,"investigate",1,2.96261183859691e-05,0
4183,"invited",1,2.96261183859691e-05,0
4184,"involuntarily",1,2.96261183859691e-05,0
4185,"inwardness",1,2.96261183859691e-05,0
4186,"inwards",1,2.96261183859691e-05,0
4187,"irate",1,2.96261183859691e-05,0
4188,"irish",1,2.96261183859691e-05,0
4189,"ironic",1,2.96261183859691e-05,0
4190,"ironically",1,2.96261183859691e-05,0
4191,"irradiated",1,2.96261183859691e-05,0
4192,"irrefutable",1,2.96261183859691e-05,0
4193,"irritable",1,2.96261183859691e-05,0
4194,"irritably",1,2.96261183859691e-05,0
4195,"italian",1,2.96261183859691e-05,0
4196,"item",1,2.96261183859691e-05,0
4197,"james",1,2.96261183859691e-05,0
4198,"jammed",1,2.96261183859691e-05,0
4199,"japp",1,2.96261183859691e-05,0
4200,"jauntily",1,2.96261183859691e-05,0
4201,"jealousies",1,2.96261183859691e-05,0
4202,"jeannette",1,2.96261183859691e-05,0
4203,"jocosely",1,2.96261183859691e-05,0
4204,"joe",1,2.96261183859691e-05,0
4205,"joining",1,2.96261183859691e-05,0
4206,"joke",1,2.96261183859691e-05,0
4207,"jokes",1,2.96261183859691e-05,0
4208,"joking",1,2.96261183859691e-05,0
4209,"jolly",1,2.96261183859691e-05,0
4210,"jones",1,2.96261183859691e-05,0
4211,"jour",1,2.96261183859691e-05,0
4212,"journeying",1,2.96261183859691e-05,0
4213,"journeyman",1,2.96261183859691e-05,0
4214,"joys",1,2.96261183859691e-05,0
4215,"judging",1,2.96261183859691e-05,0
4216,"judicially",1,2.96261183859691e-05,0
4217,"jug",1,2.96261183859691e-05,0
4218,"jumping",1,2.96261183859691e-05,0
4219,"juncture",1,2.96261183859691e-05,0
4220,"junoesque",1,2.96261183859691e-05,0
4221,"justify",1,2.96261183859691e-05,0
4222,"justly",1,2.96261183859691e-05,0
4223,"keeps",1,2.96261183859691e-05,0
4224,"kent",1,2.96261183859691e-05,0
4225,"keynote",1,2.96261183859691e-05,0
4226,"kidney",1,2.96261183859691e-05,0
4227,"killer",1,2.96261183859691e-05,0
4228,"kinder",1,2.96261183859691e-05,0
4229,"kindness",1,2.96261183859691e-05,0
4230,"kings",1,2.96261183859691e-05,0
4231,"kink",1,2.96261183859691e-05,0
4232,"kleptomania",1,2.96261183859691e-05,0
4233,"kneading",1,2.96261183859691e-05,0
4234,"knit",1,2.96261183859691e-05,0
4235,"knitted",1,2.96261183859691e-05,0
4236,"knocked",1,2.96261183859691e-05,0
4237,"labels",1,2.96261183859691e-05,0
4238,"labours",1,2.96261183859691e-05,0
4239,"laconically",1,2.96261183859691e-05,0
4240,"lad",1,2.96261183859691e-05,0
4241,"ladder",1,2.96261183859691e-05,0
4242,"ladders",1,2.96261183859691e-05,0
4243,"lain",1,2.96261183859691e-05,0
4244,"land",1,2.96261183859691e-05,0
4245,"languidly",1,2.96261183859691e-05,0
4246,"lapse",1,2.96261183859691e-05,0
4247,"lapses",1,2.96261183859691e-05,0
4248,"largely",1,2.96261183859691e-05,0
4249,"largeness",1,2.96261183859691e-05,0
4250,"largest",1,2.96261183859691e-05,0
4251,"lashes",1,2.96261183859691e-05,0
4252,"latch",1,2.96261183859691e-05,0
4253,"lateness",1,2.96261183859691e-05,0
4254,"latish",1,2.96261183859691e-05,0
4255,"laudable",1,2.96261183859691e-05,0
4256,"laughing",1,2.96261183859691e-05,0
4257,"laughingly",1,2.96261183859691e-05,0
4258,"laughs",1,2.96261183859691e-05,0
4259,"launched",1,2.96261183859691e-05,0
4260,"lawyers",1,2.96261183859691e-05,0
4261,"leak",1,2.96261183859691e-05,0
4262,"leaped",1,2.96261183859691e-05,0
4263,"leaping",1,2.96261183859691e-05,0
4264,"learned",1,2.96261183859691e-05,0
4265,"leased",1,2.96261183859691e-05,0
4266,"leaves",1,2.96261183859691e-05,0
4267,"leisure",1,2.96261183859691e-05,0
4268,"leopard",1,2.96261183859691e-05,0
4269,"leopardess",1,2.96261183859691e-05,0
4270,"lessons",1,2.96261183859691e-05,0
4271,"lettre",1,2.96261183859691e-05,0
4272,"liable",1,2.96261183859691e-05,0
4273,"lifetime",1,2.96261183859691e-05,0
4274,"lifting",1,2.96261183859691e-05,0
4275,"lighting",1,2.96261183859691e-05,0
4276,"liking",1,2.96261183859691e-05,0
4277,"lilies",1,2.96261183859691e-05,0
4278,"limited",1,2.96261183859691e-05,0
4279,"limits",1,2.96261183859691e-05,0
4280,"lincoln",1,2.96261183859691e-05,0
4281,"lingered",1,2.96261183859691e-05,0
4282,"link",1,2.96261183859691e-05,0
4283,"lion",1,2.96261183859691e-05,0
4284,"liqueurs",1,2.96261183859691e-05,0
4285,"listlessly",1,2.96261183859691e-05,0
4286,"lithe",1,2.96261183859691e-05,0
4287,"lits",1,2.96261183859691e-05,0
4288,"littered",1,2.96261183859691e-05,0
4289,"loan",1,2.96261183859691e-05,0
4290,"lock",1,2.96261183859691e-05,0
4291,"locking",1,2.96261183859691e-05,0
4292,"lone",1,2.96261183859691e-05,0
4293,"lonely",1,2.96261183859691e-05,0
4294,"longchamps",1,2.96261183859691e-05,0
4295,"longest",1,2.96261183859691e-05,0
4296,"lookout",1,2.96261183859691e-05,0
4297,"loophole",1,2.96261183859691e-05,0
4298,"loses",1,2.96261183859691e-05,0
4299,"losses",1,2.96261183859691e-05,0
4300,"louis",1,2.96261183859691e-05,0
4301,"lovers",1,2.96261183859691e-05,0
4302,"loving",1,2.96261183859691e-05,0
4303,"lowering",1,2.96261183859691e-05,0
4304,"lowest",1,2.96261183859691e-05,0
4305,"lucky",1,2.96261183859691e-05,0
4306,"lump",1,2.96261183859691e-05,0
4307,"luxe",1,2.96261183859691e-05,0
4308,"luxuriating",1,2.96261183859691e-05,0
4309,"magazines",1,2.96261183859691e-05,0
4310,"magic",1,2.96261183859691e-05,0
4311,"magical",1,2.96261183859691e-05,0
4312,"magnetic",1,2.96261183859691e-05,0
4313,"maids",1,2.96261183859691e-05,0
4314,"mailed",1,2.96261183859691e-05,0
4315,"main",1,2.96261183859691e-05,0
4316,"majestically",1,2.96261183859691e-05,0
4317,"majesty",1,2.96261183859691e-05,0
4318,"makings",1,2.96261183859691e-05,0
4319,"malevolently",1,2.96261183859691e-05,0
4320,"malleable",1,2.96261183859691e-05,0
4321,"managing",1,2.96261183859691e-05,0
4322,"manfully",1,2.96261183859691e-05,0
4323,"manicured",1,2.96261183859691e-05,0
4324,"manœuvres",1,2.96261183859691e-05,0
4325,"marched",1,2.96261183859691e-05,0
4326,"margin",1,2.96261183859691e-05,0
4327,"mark",1,2.96261183859691e-05,0
4328,"marketing",1,2.96261183859691e-05,0
4329,"marquise",1,2.96261183859691e-05,0
4330,"marred",1,2.96261183859691e-05,0
4331,"martyrs",1,2.96261183859691e-05,0
4332,"marvel",1,2.96261183859691e-05,0
4333,"marvelled",1,2.96261183859691e-05,0
4334,"masses",1,2.96261183859691e-05,0
4335,"mastered",1,2.96261183859691e-05,0
4336,"mattered",1,2.96261183859691e-05,0
4337,"mattress",1,2.96261183859691e-05,0
4338,"mature",1,2.96261183859691e-05,0
4339,"mauvais",1,2.96261183859691e-05,0
4340,"mauvy",1,2.96261183859691e-05,0
4341,"mayfair",1,2.96261183859691e-05,0
4342,"mayn",1,2.96261183859691e-05,0
4343,"meagre",1,2.96261183859691e-05,0
4344,"meaningless",1,2.96261183859691e-05,0
4345,"meantime",1,2.96261183859691e-05,0
4346,"meat",1,2.96261183859691e-05,0
4347,"medical",1,2.96261183859691e-05,0
4348,"meditation",1,2.96261183859691e-05,0
4349,"melancholy",1,2.96261183859691e-05,0
4350,"members",1,2.96261183859691e-05,0
4351,"menace",1,2.96261183859691e-05,0
4352,"mendaciously",1,2.96261183859691e-05,0
4353,"mental",1,2.96261183859691e-05,0
4354,"mentally",1,2.96261183859691e-05,0
4355,"menu",1,2.96261183859691e-05,0
4356,"merits",1,2.96261183859691e-05,0
4357,"merry",1,2.96261183859691e-05,0
4358,"mesdemoiselles",1,2.96261183859691e-05,0
4359,"messed",1,2.96261183859691e-05,0
4360,"methodically",1,2.96261183859691e-05,0
4361,"métier",1,2.96261183859691e-05,0
4362,"michel",1,2.96261183859691e-05,0
4363,"midnight",1,2.96261183859691e-05,0
4364,"mild",1,2.96261183859691e-05,0
4365,"mildly",1,2.96261183859691e-05,0
4366,"mille",1,2.96261183859691e-05,0
4367,"mince",1,2.96261183859691e-05,0
4368,"mincemeat",1,2.96261183859691e-05,0
4369,"mincing",1,2.96261183859691e-05,0
4370,"minded",1,2.96261183859691e-05,0
4371,"mindful",1,2.96261183859691e-05,0
4372,"minimum",1,2.96261183859691e-05,0
4373,"mint",1,2.96261183859691e-05,0
4374,"miracle",1,2.96261183859691e-05,0
4375,"mirth",1,2.96261183859691e-05,0
4376,"mise",1,2.96261183859691e-05,0
4377,"misgivings",1,2.96261183859691e-05,0
4378,"missed",1,2.96261183859691e-05,0
4379,"missus",1,2.96261183859691e-05,0
4380,"misty",1,2.96261183859691e-05,0
4381,"mockery",1,2.96261183859691e-05,0
4382,"model",1,2.96261183859691e-05,0
4383,"modest",1,2.96261183859691e-05,0
4384,"modesty",1,2.96261183859691e-05,0
4385,"moi",1,2.96261183859691e-05,0
4386,"mole",1,2.96261183859691e-05,0
4387,"mollified",1,2.96261183859691e-05,0
4388,"momentarily",1,2.96261183859691e-05,0
4389,"monday",1,2.96261183859691e-05,0
4390,"mongolian",1,2.96261183859691e-05,0
4391,"monkeys",1,2.96261183859691e-05,0
4392,"monotonous",1,2.96261183859691e-05,0
4393,"monstrous",1,2.96261183859691e-05,0
4394,"monter",1,2.96261183859691e-05,0
4395,"moonlight",1,2.96261183859691e-05,0
4396,"moral",1,2.96261183859691e-05,0
4397,"morality",1,2.96261183859691e-05,0
4398,"moralize",1,2.96261183859691e-05,0
4399,"morceau",1,2.96261183859691e-05,0
4400,"moreover",1,2.96261183859691e-05,0
4401,"mortaulds",1,2.96261183859691e-05,0
4402,"moselle",1,2.96261183859691e-05,0
4403,"motionless",1,2.96261183859691e-05,0
4404,"motor",1,2.96261183859691e-05,0
4405,"mount",1,2.96261183859691e-05,0
4406,"mouse",1,2.96261183859691e-05,0
4407,"moustaches",1,2.96261183859691e-05,0
4408,"mouthed",1,2.96261183859691e-05,0
4409,"moving",1,2.96261183859691e-05,0
4410,"mud",1,2.96261183859691e-05,0
4411,"murderers",1,2.96261183859691e-05,0
4412,"music",1,2.96261183859691e-05,0
4413,"mutual",1,2.96261183859691e-05,0
4414,"mysteries",1,2.96261183859691e-05,0
4415,"naïveté",1,2.96261183859691e-05,0
4416,"named",1,2.96261183859691e-05,0
4417,"namely",1,2.96261183859691e-05,0
4418,"nantes",1,2.96261183859691e-05,0
4419,"napkin",1,2.96261183859691e-05,0
4420,"napoleons",1,2.96261183859691e-05,0
4421,"narrowed",1,2.96261183859691e-05,0
4422,"narrowing",1,2.96261183859691e-05,0
4423,"naturalness",1,2.96261183859691e-05,0
4424,"naught",1,2.96261183859691e-05,0
4425,"naval",1,2.96261183859691e-05,0
4426,"nearer",1,2.96261183859691e-05,0
4427,"necessarily",1,2.96261183859691e-05,0
4428,"necklace",1,2.96261183859691e-05,0
4429,"needs",1,2.96261183859691e-05,0
4430,"negation",1,2.96261183859691e-05,0
4431,"negligently",1,2.96261183859691e-05,0
4432,"negligible",1,2.96261183859691e-05,0
4433,"negotiating",1,2.96261183859691e-05,0
4434,"neighbour",1,2.96261183859691e-05,0
4435,"neighbourhood",1,2.96261183859691e-05,0
4436,"nervously",1,2.96261183859691e-05,0
4437,"nestled",1,2.96261183859691e-05,0
4438,"newcomer",1,2.96261183859691e-05,0
4439,"nicely",1,2.96261183859691e-05,0
4440,"niche",1,2.96261183859691e-05,0
4441,"nights",1,2.96261183859691e-05,0
4442,"noblemen",1,2.96261183859691e-05,0
4443,"nocturnal",1,2.96261183859691e-05,0
4444,"noises",1,2.96261183859691e-05,0
4445,"nonchalance",1,2.96261183859691e-05,0
4446,"nondescript",1,2.96261183859691e-05,0
4447,"noose",1,2.96261183859691e-05,0
4448,"nord",1,2.96261183859691e-05,0
4449,"normal",1,2.96261183859691e-05,0
4450,"nosegay",1,2.96261183859691e-05,0
4451,"notable",1,2.96261183859691e-05,0
4452,"notepaper",1,2.96261183859691e-05,0
4453,"noticeably",1,2.96261183859691e-05,0
4454,"noticing",1,2.96261183859691e-05,0
4455,"noting",1,2.96261183859691e-05,0
4456,"notions",1,2.96261183859691e-05,0
4457,"novelty",1,2.96261183859691e-05,0
4458,"nowhere",1,2.96261183859691e-05,0
4459,"numbers",1,2.96261183859691e-05,0
4460,"numerous",1,2.96261183859691e-05,0
4461,"oath",1,2.96261183859691e-05,0
4462,"obedient",1,2.96261183859691e-05,0
4463,"obediently",1,2.96261183859691e-05,0
4464,"obey",1,2.96261183859691e-05,0
4465,"obeyed",1,2.96261183859691e-05,0
4466,"objection",1,2.96261183859691e-05,0
4467,"objections",1,2.96261183859691e-05,0
4468,"objets",1,2.96261183859691e-05,0
4469,"obligation",1,2.96261183859691e-05,0
4470,"obligations",1,2.96261183859691e-05,0
4471,"obliterate",1,2.96261183859691e-05,0
4472,"obliterated",1,2.96261183859691e-05,0
4473,"oblivious",1,2.96261183859691e-05,0
4474,"oblong",1,2.96261183859691e-05,0
4475,"obscure",1,2.96261183859691e-05,0
4476,"obscurely",1,2.96261183859691e-05,0
4477,"observant",1,2.96261183859691e-05,0
4478,"observing",1,2.96261183859691e-05,0
4479,"obsolete",1,2.96261183859691e-05,0
4480,"obtain",1,2.96261183859691e-05,0
4481,"obtaining",1,2.96261183859691e-05,0
4482,"obtains",1,2.96261183859691e-05,0
4483,"obviously",1,2.96261183859691e-05,0
4484,"occupied",1,2.96261183859691e-05,0
4485,"occurs",1,2.96261183859691e-05,0
4486,"ochre",1,2.96261183859691e-05,0
4487,"oddly",1,2.96261183859691e-05,0
4488,"odds",1,2.96261183859691e-05,0
4489,"offend",1,2.96261183859691e-05,0
4490,"officers",1,2.96261183859691e-05,0
4491,"officially",1,2.96261183859691e-05,0
4492,"oldest",1,2.96261183859691e-05,0
4493,"olive",1,2.96261183859691e-05,0
4494,"omelettes",1,2.96261183859691e-05,0
4495,"ominously",1,2.96261183859691e-05,0
4496,"oneself",1,2.96261183859691e-05,0
4497,"onlooker",1,2.96261183859691e-05,0
4498,"onslaught",1,2.96261183859691e-05,0
4499,"openly",1,2.96261183859691e-05,0
4500,"operatic",1,2.96261183859691e-05,0
4501,"operating",1,2.96261183859691e-05,0
4502,"orchids",1,2.96261183859691e-05,0
4503,"ordering",1,2.96261183859691e-05,0
4504,"ordoovres",1,2.96261183859691e-05,0
4505,"originally",1,2.96261183859691e-05,0
4506,"ostensibly",1,2.96261183859691e-05,0
4507,"outcry",1,2.96261183859691e-05,0
4508,"outdid",1,2.96261183859691e-05,0
4509,"outdistanced",1,2.96261183859691e-05,0
4510,"outer",1,2.96261183859691e-05,0
4511,"outflung",1,2.96261183859691e-05,0
4512,"outlasted",1,2.96261183859691e-05,0
4513,"outline",1,2.96261183859691e-05,0
4514,"outliving",1,2.96261183859691e-05,0
4515,"outlook",1,2.96261183859691e-05,0
4516,"outrageous",1,2.96261183859691e-05,0
4517,"outright",1,2.96261183859691e-05,0
4518,"outsider",1,2.96261183859691e-05,0
4519,"outspokenness",1,2.96261183859691e-05,0
4520,"outward",1,2.96261183859691e-05,0
4521,"oval",1,2.96261183859691e-05,0
4522,"overburdened",1,2.96261183859691e-05,0
4523,"overjoyed",1,2.96261183859691e-05,0
4524,"overrated",1,2.96261183859691e-05,0
4525,"oversight",1,2.96261183859691e-05,0
4526,"owed",1,2.96261183859691e-05,0
4527,"owing",1,2.96261183859691e-05,0
4528,"oysters",1,2.96261183859691e-05,0
4529,"pack",1,2.96261183859691e-05,0
4530,"pains",1,2.96261183859691e-05,0
4531,"paint",1,2.96261183859691e-05,0
4532,"palace",1,2.96261183859691e-05,0
4533,"paler",1,2.96261183859691e-05,0
4534,"pallor",1,2.96261183859691e-05,0
4535,"palms",1,2.96261183859691e-05,0
4536,"palpably",1,2.96261183859691e-05,0
4537,"paltry",1,2.96261183859691e-05,0
4538,"panorama",1,2.96261183859691e-05,0
4539,"panting",1,2.96261183859691e-05,0
4540,"papa",1,2.96261183859691e-05,0
4541,"par",1,2.96261183859691e-05,0
4542,"paradise",1,2.96261183859691e-05,0
4543,"paragraph",1,2.96261183859691e-05,0
4544,"paralysis",1,2.96261183859691e-05,0
4545,"parbleu",1,2.96261183859691e-05,0
4546,"parcels",1,2.96261183859691e-05,0
4547,"paring",1,2.96261183859691e-05,0
4548,"park",1,2.96261183859691e-05,0
4549,"parted",1,2.96261183859691e-05,0
4550,"partner",1,2.96261183859691e-05,0
4551,"passenger",1,2.96261183859691e-05,0
4552,"passes",1,2.96261183859691e-05,0
4553,"passionately",1,2.96261183859691e-05,0
4554,"paste",1,2.96261183859691e-05,0
4555,"pastry",1,2.96261183859691e-05,0
4556,"patience",1,2.96261183859691e-05,0
4557,"patriarch",1,2.96261183859691e-05,0
4558,"patriotic",1,2.96261183859691e-05,0
4559,"patting",1,2.96261183859691e-05,0
4560,"paying",1,2.96261183859691e-05,0
4561,"pays",1,2.96261183859691e-05,0
4562,"peace",1,2.96261183859691e-05,0
4563,"peach",1,2.96261183859691e-05,0
4564,"pealed",1,2.96261183859691e-05,0
4565,"pearls",1,2.96261183859691e-05,0
4566,"pedestrians",1,2.96261183859691e-05,0
4567,"peer",1,2.96261183859691e-05,0
4568,"peered",1,2.96261183859691e-05,0
4569,"peering",1,2.96261183859691e-05,0
4570,"peignoir",1,2.96261183859691e-05,0
4571,"penetrated",1,2.96261183859691e-05,0
4572,"penetrating",1,2.96261183859691e-05,0
4573,"pennies",1,2.96261183859691e-05,0
4574,"penniless",1,2.96261183859691e-05,0
4575,"pension",1,2.96261183859691e-05,0
4576,"perceive",1,2.96261183859691e-05,0
4577,"perceived",1,2.96261183859691e-05,0
4578,"perfection",1,2.96261183859691e-05,0
4579,"perforce",1,2.96261183859691e-05,0
4580,"performed",1,2.96261183859691e-05,0
4581,"perished",1,2.96261183859691e-05,0
4582,"permits",1,2.96261183859691e-05,0
4583,"perplexity",1,2.96261183859691e-05,0
4584,"persistence",1,2.96261183859691e-05,0
4585,"persistent",1,2.96261183859691e-05,0
4586,"persuaded",1,2.96261183859691e-05,0
4587,"pervaded",1,2.96261183859691e-05,0
4588,"pestilential",1,2.96261183859691e-05,0
4589,"peter",1,2.96261183859691e-05,0
4590,"petite",1,2.96261183859691e-05,0
4591,"philosophy",1,2.96261183859691e-05,0
4592,"phone",1,2.96261183859691e-05,0
4593,"phoned",1,2.96261183859691e-05,0
4594,"photographer",1,2.96261183859691e-05,0
4595,"physically",1,2.96261183859691e-05,0
4596,"physiognomy",1,2.96261183859691e-05,0
4597,"piano",1,2.96261183859691e-05,0
4598,"pick",1,2.96261183859691e-05,0
4599,"picnic",1,2.96261183859691e-05,0
4600,"pied",1,2.96261183859691e-05,0
4601,"pierce",1,2.96261183859691e-05,0
4602,"pierre",1,2.96261183859691e-05,0
4603,"piled",1,2.96261183859691e-05,0
4604,"pillar",1,2.96261183859691e-05,0
4605,"pillars",1,2.96261183859691e-05,0
4606,"pinks",1,2.96261183859691e-05,0
4607,"pinky",1,2.96261183859691e-05,0
4608,"pinned",1,2.96261183859691e-05,0
4609,"pirezzio",1,2.96261183859691e-05,0
4610,"piteously",1,2.96261183859691e-05,0
4611,"places",1,2.96261183859691e-05,0
4612,"plainer",1,2.96261183859691e-05,0
4613,"plaintively",1,2.96261183859691e-05,0
4614,"plant",1,2.96261183859691e-05,0
4615,"platinum",1,2.96261183859691e-05,0
4616,"pleaded",1,2.96261183859691e-05,0
4617,"pleases",1,2.96261183859691e-05,0
4618,"plied",1,2.96261183859691e-05,0
4619,"plume",1,2.96261183859691e-05,0
4620,"plunged",1,2.96261183859691e-05,0
4621,"poetical",1,2.96261183859691e-05,0
4622,"pointing",1,2.96261183859691e-05,0
4623,"poise",1,2.96261183859691e-05,0
4624,"poisonous",1,2.96261183859691e-05,0
4625,"polish",1,2.96261183859691e-05,0
4626,"polished",1,2.96261183859691e-05,0
4627,"polishing",1,2.96261183859691e-05,0
4628,"politics",1,2.96261183859691e-05,0
4629,"polly",1,2.96261183859691e-05,0
4630,"pompously",1,2.96261183859691e-05,0
4631,"pondered",1,2.96261183859691e-05,0
4632,"popular",1,2.96261183859691e-05,0
4633,"portentously",1,2.96261183859691e-05,0
4634,"portsmouth",1,2.96261183859691e-05,0
4635,"poseur",1,2.96261183859691e-05,0
4636,"positively",1,2.96261183859691e-05,0
4637,"posture",1,2.96261183859691e-05,0
4638,"pot",1,2.96261183859691e-05,0
4639,"potency",1,2.96261183859691e-05,0
4640,"pounced",1,2.96261183859691e-05,0
4641,"pouring",1,2.96261183859691e-05,0
4642,"practised",1,2.96261183859691e-05,0
4643,"praise",1,2.96261183859691e-05,0
4644,"prayed",1,2.96261183859691e-05,0
4645,"precaution",1,2.96261183859691e-05,0
4646,"precious",1,2.96261183859691e-05,0
4647,"precipitantly",1,2.96261183859691e-05,0
4648,"precision",1,2.96261183859691e-05,0
4649,"precursor",1,2.96261183859691e-05,0
4650,"predatory",1,2.96261183859691e-05,0
4651,"prefecture",1,2.96261183859691e-05,0
4652,"prejudices",1,2.96261183859691e-05,0
4653,"preoccupation",1,2.96261183859691e-05,0
4654,"preoccupations",1,2.96261183859691e-05,0
4655,"prepossessing",1,2.96261183859691e-05,0
4656,"preserved",1,2.96261183859691e-05,0
4657,"preserving",1,2.96261183859691e-05,0
4658,"pressure",1,2.96261183859691e-05,0
4659,"presumption",1,2.96261183859691e-05,0
4660,"pretences",1,2.96261183859691e-05,0
4661,"pretending",1,2.96261183859691e-05,0
4662,"prettiest",1,2.96261183859691e-05,0
4663,"prevent",1,2.96261183859691e-05,0
4664,"prewar",1,2.96261183859691e-05,0
4665,"preys",1,2.96261183859691e-05,0
4666,"priceless",1,2.96261183859691e-05,0
4667,"prided",1,2.96261183859691e-05,0
4668,"prim",1,2.96261183859691e-05,0
4669,"prime",1,2.96261183859691e-05,0
4670,"prince",1,2.96261183859691e-05,0
4671,"prison",1,2.96261183859691e-05,0
4672,"privilege",1,2.96261183859691e-05,0
4673,"proceeding",1,2.96261183859691e-05,0
4674,"prodigies",1,2.96261183859691e-05,0
4675,"production",1,2.96261183859691e-05,0
4676,"proffered",1,2.96261183859691e-05,0
4677,"progressing",1,2.96261183859691e-05,0
4678,"prolonged",1,2.96261183859691e-05,0
4679,"prominence",1,2.96261183859691e-05,0
4680,"promise",1,2.96261183859691e-05,0
4681,"promises",1,2.96261183859691e-05,0
4682,"promising",1,2.96261183859691e-05,0
4683,"promptitude",1,2.96261183859691e-05,0
4684,"proper",1,2.96261183859691e-05,0
4685,"properly",1,2.96261183859691e-05,0
4686,"property",1,2.96261183859691e-05,0
4687,"prophecies",1,2.96261183859691e-05,0
4688,"prophecy",1,2.96261183859691e-05,0
4689,"prophesy",1,2.96261183859691e-05,0
4690,"protest",1,2.96261183859691e-05,0
4691,"protesting",1,2.96261183859691e-05,0
4692,"proudly",1,2.96261183859691e-05,0
4693,"proverb",1,2.96261183859691e-05,0
4694,"proverbs",1,2.96261183859691e-05,0
4695,"provide",1,2.96261183859691e-05,0
4696,"provoked",1,2.96261183859691e-05,0
4697,"pudding",1,2.96261183859691e-05,0
4698,"puddings",1,2.96261183859691e-05,0
4699,"pull",1,2.96261183859691e-05,0
4700,"pump",1,2.96261183859691e-05,0
4701,"punch",1,2.96261183859691e-05,0
4702,"punctually",1,2.96261183859691e-05,0
4703,"purchased",1,2.96261183859691e-05,0
4704,"purchaser",1,2.96261183859691e-05,0
4705,"purely",1,2.96261183859691e-05,0
4706,"purported",1,2.96261183859691e-05,0
4707,"pursuing",1,2.96261183859691e-05,0
4708,"pursuit",1,2.96261183859691e-05,0
4709,"push",1,2.96261183859691e-05,0
4710,"puts",1,2.96261183859691e-05,0
4711,"pyjamas",1,2.96261183859691e-05,0
4712,"quail",1,2.96261183859691e-05,0
4713,"quails",1,2.96261183859691e-05,0
4714,"qualities",1,2.96261183859691e-05,0
4715,"quarrelled",1,2.96261183859691e-05,0
4716,"quay",1,2.96261183859691e-05,0
4717,"queen",1,2.96261183859691e-05,0
4718,"queening",1,2.96261183859691e-05,0
4719,"questionable",1,2.96261183859691e-05,0
4720,"questioningly",1,2.96261183859691e-05,0
4721,"quiescence",1,2.96261183859691e-05,0
4722,"quit",1,2.96261183859691e-05,0
4723,"quits",1,2.96261183859691e-05,0
4724,"quitted",1,2.96261183859691e-05,0
4725,"quote",1,2.96261183859691e-05,0
4726,"rabbit",1,2.96261183859691e-05,0
4727,"racing",1,2.96261183859691e-05,0
4728,"rack",1,2.96261183859691e-05,0
4729,"raff",1,2.96261183859691e-05,0
4730,"rain",1,2.96261183859691e-05,0
4731,"raining",1,2.96261183859691e-05,0
4732,"rank",1,2.96261183859691e-05,0
4733,"raphael",1,2.96261183859691e-05,0
4734,"rapid",1,2.96261183859691e-05,0
4735,"rapide",1,2.96261183859691e-05,0
4736,"rapidity",1,2.96261183859691e-05,0
4737,"rarely",1,2.96261183859691e-05,0
4738,"rattled",1,2.96261183859691e-05,0
4739,"reach",1,2.96261183859691e-05,0
4740,"reaching",1,2.96261183859691e-05,0
4741,"reaction",1,2.96261183859691e-05,0
4742,"reader",1,2.96261183859691e-05,0
4743,"readily",1,2.96261183859691e-05,0
4744,"readiness",1,2.96261183859691e-05,0
4745,"realistically",1,2.96261183859691e-05,0
4746,"realization",1,2.96261183859691e-05,0
4747,"reappeared",1,2.96261183859691e-05,0
4748,"reappearing",1,2.96261183859691e-05,0
4749,"reasonable",1,2.96261183859691e-05,0
4750,"reasonably",1,2.96261183859691e-05,0
4751,"reassurance",1,2.96261183859691e-05,0
4752,"reassured",1,2.96261183859691e-05,0
4753,"rebuffs",1,2.96261183859691e-05,0
4754,"recall",1,2.96261183859691e-05,0
4755,"recalling",1,2.96261183859691e-05,0
4756,"recede",1,2.96261183859691e-05,0
4757,"recently",1,2.96261183859691e-05,0
4758,"recite",1,2.96261183859691e-05,0
4759,"recklessness",1,2.96261183859691e-05,0
4760,"recollect",1,2.96261183859691e-05,0
4761,"recommend",1,2.96261183859691e-05,0
4762,"reconstruct",1,2.96261183859691e-05,0
4763,"recording",1,2.96261183859691e-05,0
4764,"recount",1,2.96261183859691e-05,0
4765,"recover",1,2.96261183859691e-05,0
4766,"recovery",1,2.96261183859691e-05,0
4767,"recumbent",1,2.96261183859691e-05,0
4768,"reddened",1,2.96261183859691e-05,0
4769,"redhanded",1,2.96261183859691e-05,0
4770,"redoubled",1,2.96261183859691e-05,0
4771,"reference",1,2.96261183859691e-05,0
4772,"referred",1,2.96261183859691e-05,0
4773,"reflection",1,2.96261183859691e-05,0
4774,"refrained",1,2.96261183859691e-05,0
4775,"refreshing",1,2.96261183859691e-05,0
4776,"regain",1,2.96261183859691e-05,0
4777,"regained",1,2.96261183859691e-05,0
4778,"regard",1,2.96261183859691e-05,0
4779,"registered",1,2.96261183859691e-05,0
4780,"regrettable",1,2.96261183859691e-05,0
4781,"regretted",1,2.96261183859691e-05,0
4782,"regretting",1,2.96261183859691e-05,0
4783,"regulations",1,2.96261183859691e-05,0
4784,"reigned",1,2.96261183859691e-05,0
4785,"reiterated",1,2.96261183859691e-05,0
4786,"relapsed",1,2.96261183859691e-05,0
4787,"relation",1,2.96261183859691e-05,0
4788,"relaxed",1,2.96261183859691e-05,0
4789,"released",1,2.96261183859691e-05,0
4790,"relentless",1,2.96261183859691e-05,0
4791,"reliable",1,2.96261183859691e-05,0
4792,"religion",1,2.96261183859691e-05,0
4793,"reluctance",1,2.96261183859691e-05,0
4794,"relying",1,2.96261183859691e-05,0
4795,"remarking",1,2.96261183859691e-05,0
4796,"remedies",1,2.96261183859691e-05,0
4797,"remedy",1,2.96261183859691e-05,0
4798,"remind",1,2.96261183859691e-05,0
4799,"reminded",1,2.96261183859691e-05,0
4800,"reminds",1,2.96261183859691e-05,0
4801,"reminiscence",1,2.96261183859691e-05,0
4802,"reminiscences",1,2.96261183859691e-05,0
4803,"reminiscently",1,2.96261183859691e-05,0
4804,"remorseless",1,2.96261183859691e-05,0
4805,"remorselessly",1,2.96261183859691e-05,0
4806,"remote",1,2.96261183859691e-05,0
4807,"removing",1,2.96261183859691e-05,0
4808,"repair",1,2.96261183859691e-05,0
4809,"repay",1,2.96261183859691e-05,0
4810,"repelled",1,2.96261183859691e-05,0
4811,"repent",1,2.96261183859691e-05,0
4812,"replying",1,2.96261183859691e-05,0
4813,"reporterish",1,2.96261183859691e-05,0
4814,"repose",1,2.96261183859691e-05,0
4815,"reposes",1,2.96261183859691e-05,0
4816,"represent",1,2.96261183859691e-05,0
4817,"representative",1,2.96261183859691e-05,0
4818,"reproachful",1,2.96261183859691e-05,0
4819,"reputable",1,2.96261183859691e-05,0
4820,"requested",1,2.96261183859691e-05,0
4821,"researches",1,2.96261183859691e-05,0
4822,"resembles",1,2.96261183859691e-05,0
4823,"resent",1,2.96261183859691e-05,0
4824,"reserved",1,2.96261183859691e-05,0
4825,"resisted",1,2.96261183859691e-05,0
4826,"resolution",1,2.96261183859691e-05,0
4827,"resolutions",1,2.96261183859691e-05,0
4828,"resort",1,2.96261183859691e-05,0
4829,"resorts",1,2.96261183859691e-05,0
4830,"respectable",1,2.96261183859691e-05,0
4831,"respond",1,2.96261183859691e-05,0
4832,"responded",1,2.96261183859691e-05,0
4833,"restaurant",1,2.96261183859691e-05,0
4834,"restive",1,2.96261183859691e-05,0
4835,"restless",1,2.96261183859691e-05,0
4836,"restlessly",1,2.96261183859691e-05,0
4837,"restrain",1,2.96261183859691e-05,0
4838,"restraining",1,2.96261183859691e-05,0
4839,"rests",1,2.96261183859691e-05,0
4840,"retailed",1,2.96261183859691e-05,0
4841,"retailing",1,2.96261183859691e-05,0
4842,"retire",1,2.96261183859691e-05,0
4843,"retorted",1,2.96261183859691e-05,0
4844,"retreated",1,2.96261183859691e-05,0
4845,"revenged",1,2.96261183859691e-05,0
4846,"reverie",1,2.96261183859691e-05,0
4847,"reverted",1,2.96261183859691e-05,0
4848,"reverting",1,2.96261183859691e-05,0
4849,"revolution",1,2.96261183859691e-05,0
4850,"revolver",1,2.96261183859691e-05,0
4851,"revolving",1,2.96261183859691e-05,0
4852,"rewarded",1,2.96261183859691e-05,0
4853,"rheumatism",1,2.96261183859691e-05,0
4854,"rhum",1,2.96261183859691e-05,0
4855,"richer",1,2.96261183859691e-05,0
4856,"riff",1,2.96261183859691e-05,0
4857,"rigidity",1,2.96261183859691e-05,0
4858,"rigidly",1,2.96261183859691e-05,0
4859,"rigmarole",1,2.96261183859691e-05,0
4860,"risen",1,2.96261183859691e-05,0
4861,"riser",1,2.96261183859691e-05,0
4862,"risers",1,2.96261183859691e-05,0
4863,"risks",1,2.96261183859691e-05,0
4864,"riveted",1,2.96261183859691e-05,0
4865,"roads",1,2.96261183859691e-05,0
4866,"roared",1,2.96261183859691e-05,0
4867,"robe",1,2.96261183859691e-05,0
4868,"robustly",1,2.96261183859691e-05,0
4869,"rocks",1,2.96261183859691e-05,0
4870,"rôle",1,2.96261183859691e-05,0
4871,"roll",1,2.96261183859691e-05,0
4872,"rolled",1,2.96261183859691e-05,0
4873,"rolling",1,2.96261183859691e-05,0
4874,"romance",1,2.96261183859691e-05,0
4875,"romancing",1,2.96261183859691e-05,0
4876,"root",1,2.96261183859691e-05,0
4877,"ropes",1,2.96261183859691e-05,0
4878,"roses",1,2.96261183859691e-05,0
4879,"rot",1,2.96261183859691e-05,0
4880,"rough",1,2.96261183859691e-05,0
4881,"roughly",1,2.96261183859691e-05,0
4882,"rounds",1,2.96261183859691e-05,0
4883,"roused",1,2.96261183859691e-05,0
4884,"rouses",1,2.96261183859691e-05,0
4885,"rout",1,2.96261183859691e-05,0
4886,"row",1,2.96261183859691e-05,0
4887,"rub",1,2.96261183859691e-05,0
4888,"rubbing",1,2.96261183859691e-05,0
4889,"rudely",1,2.96261183859691e-05,0
4890,"rugged",1,2.96261183859691e-05,0
4891,"ruin",1,2.96261183859691e-05,0
4892,"ruled",1,2.96261183859691e-05,0
4893,"ruler",1,2.96261183859691e-05,0
4894,"rumour",1,2.96261183859691e-05,0
4895,"rumpus",1,2.96261183859691e-05,0
4896,"rung",1,2.96261183859691e-05,0
4897,"rushed",1,2.96261183859691e-05,0
4898,"rushes",1,2.96261183859691e-05,0
4899,"rushing",1,2.96261183859691e-05,0
4900,"ruthless",1,2.96261183859691e-05,0
4901,"sacré",1,2.96261183859691e-05,0
4902,"sacred",1,2.96261183859691e-05,0
4903,"sacrifice",1,2.96261183859691e-05,0
4904,"saddened",1,2.96261183859691e-05,0
4905,"saddle",1,2.96261183859691e-05,0
4906,"sadness",1,2.96261183859691e-05,0
4907,"safely",1,2.96261183859691e-05,0
4908,"sagely",1,2.96261183859691e-05,0
4909,"sailor",1,2.96261183859691e-05,0
4910,"saints",1,2.96261183859691e-05,0
4911,"salary",1,2.96261183859691e-05,0
4912,"sand",1,2.96261183859691e-05,0
4913,"sang",1,2.96261183859691e-05,0
4914,"satisfy",1,2.96261183859691e-05,0
4915,"saucer",1,2.96261183859691e-05,0
4916,"saunders",1,2.96261183859691e-05,0
4917,"sauntered",1,2.96261183859691e-05,0
4918,"sauve",1,2.96261183859691e-05,0
4919,"savagely",1,2.96261183859691e-05,0
4920,"savarin",1,2.96261183859691e-05,0
4921,"saved",1,2.96261183859691e-05,0
4922,"saves",1,2.96261183859691e-05,0
4923,"savings",1,2.96261183859691e-05,0
4924,"scandalous",1,2.96261183859691e-05,0
4925,"scandalously",1,2.96261183859691e-05,0
4926,"scapegoat",1,2.96261183859691e-05,0
4927,"scarf",1,2.96261183859691e-05,0
4928,"scattered",1,2.96261183859691e-05,0
4929,"scène",1,2.96261183859691e-05,0
4930,"scenery",1,2.96261183859691e-05,0
4931,"scenes",1,2.96261183859691e-05,0
4932,"schemes",1,2.96261183859691e-05,0
4933,"school",1,2.96261183859691e-05,0
4934,"scope",1,2.96261183859691e-05,0
4935,"scored",1,2.96261183859691e-05,0
4936,"scores",1,2.96261183859691e-05,0
4937,"scorned",1,2.96261183859691e-05,0
4938,"scornful",1,2.96261183859691e-05,0
4939,"scot",1,2.96261183859691e-05,0
4940,"scowl",1,2.96261183859691e-05,0
4941,"scowling",1,2.96261183859691e-05,0
4942,"scrap",1,2.96261183859691e-05,0
4943,"scrape",1,2.96261183859691e-05,0
4944,"scrappy",1,2.96261183859691e-05,0
4945,"scratching",1,2.96261183859691e-05,0
4946,"scream",1,2.96261183859691e-05,0
4947,"screaming",1,2.96261183859691e-05,0
4948,"scribbled",1,2.96261183859691e-05,0
4949,"scruple",1,2.96261183859691e-05,0
4950,"scrutinizing",1,2.96261183859691e-05,0
4951,"scuttles",1,2.96261183859691e-05,0
4952,"sealed",1,2.96261183859691e-05,0
4953,"season",1,2.96261183859691e-05,0
4954,"secondly",1,2.96261183859691e-05,0
4955,"secretaries",1,2.96261183859691e-05,0
4956,"secrets",1,2.96261183859691e-05,0
4957,"securely",1,2.96261183859691e-05,0
4958,"security",1,2.96261183859691e-05,0
4959,"seductive",1,2.96261183859691e-05,0
4960,"seeming",1,2.96261183859691e-05,0
4961,"seigneur",1,2.96261183859691e-05,0
4962,"seizing",1,2.96261183859691e-05,0
4963,"selections",1,2.96261183859691e-05,0
4964,"semimodest",1,2.96261183859691e-05,0
4965,"semiretired",1,2.96261183859691e-05,0
4966,"senior",1,2.96261183859691e-05,0
4967,"sensation",1,2.96261183859691e-05,0
4968,"sensational",1,2.96261183859691e-05,0
4969,"sentiments",1,2.96261183859691e-05,0
4970,"separated",1,2.96261183859691e-05,0
4971,"separation",1,2.96261183859691e-05,0
4972,"seraphically",1,2.96261183859691e-05,0
4973,"serenity",1,2.96261183859691e-05,0
4974,"seriousness",1,2.96261183859691e-05,0
4975,"serve",1,2.96261183859691e-05,0
4976,"services",1,2.96261183859691e-05,0
4977,"servitude",1,2.96261183859691e-05,0
4978,"setback",1,2.96261183859691e-05,0
4979,"settle",1,2.96261183859691e-05,0
4980,"severe",1,2.96261183859691e-05,0
4981,"severely",1,2.96261183859691e-05,0
4982,"shabbily",1,2.96261183859691e-05,0
4983,"shades",1,2.96261183859691e-05,0
4984,"shading",1,2.96261183859691e-05,0
4985,"shadows",1,2.96261183859691e-05,0
4986,"shape",1,2.96261183859691e-05,0
4987,"share",1,2.96261183859691e-05,0
4988,"shareholders",1,2.96261183859691e-05,0
4989,"sheets",1,2.96261183859691e-05,0
4990,"shell",1,2.96261183859691e-05,0
4991,"shelter",1,2.96261183859691e-05,0
4992,"shielded",1,2.96261183859691e-05,0
4993,"shifted",1,2.96261183859691e-05,0
4994,"shines",1,2.96261183859691e-05,0
4995,"shipped",1,2.96261183859691e-05,0
4996,"shivered",1,2.96261183859691e-05,0
4997,"shocking",1,2.96261183859691e-05,0
4998,"shoe",1,2.96261183859691e-05,0
4999,"shooting",1,2.96261183859691e-05,0
5000,"shops",1,2.96261183859691e-05,0
5001,"shortcut",1,2.96261183859691e-05,0
5002,"shots",1,2.96261183859691e-05,0
5003,"shouldered",1,2.96261183859691e-05,0
5004,"shouted",1,2.96261183859691e-05,0
5005,"shove",1,2.96261183859691e-05,0
5006,"showered",1,2.96261183859691e-05,0
5007,"shrank",1,2.96261183859691e-05,0
5008,"shrewdly",1,2.96261183859691e-05,0
5009,"shrilly",1,2.96261183859691e-05,0
5010,"shuddered",1,2.96261183859691e-05,0
5011,"shunted",1,2.96261183859691e-05,0
5012,"shuts",1,2.96261183859691e-05,0
5013,"shuttered",1,2.96261183859691e-05,0
5014,"shyness",1,2.96261183859691e-05,0
5015,"sickly",1,2.96261183859691e-05,0
5016,"sides",1,2.96261183859691e-05,0
5017,"siding",1,2.96261183859691e-05,0
5018,"sidled",1,2.96261183859691e-05,0
5019,"sighing",1,2.96261183859691e-05,0
5020,"signaling",1,2.96261183859691e-05,0
5021,"silences",1,2.96261183859691e-05,0
5022,"silky",1,2.96261183859691e-05,0
5023,"silver",1,2.96261183859691e-05,0
5024,"similar",1,2.96261183859691e-05,0
5025,"similarity",1,2.96261183859691e-05,0
5026,"simulated",1,2.96261183859691e-05,0
5027,"sincerely",1,2.96261183859691e-05,0
5028,"singularly",1,2.96261183859691e-05,0
5029,"sins",1,2.96261183859691e-05,0
5030,"sip",1,2.96261183859691e-05,0
5031,"sipping",1,2.96261183859691e-05,0
5032,"sits",1,2.96261183859691e-05,0
5033,"situated",1,2.96261183859691e-05,0
5034,"sixty",1,2.96261183859691e-05,0
5035,"sketch",1,2.96261183859691e-05,0
5036,"skin",1,2.96261183859691e-05,0
5037,"skunk",1,2.96261183859691e-05,0
5038,"slammed",1,2.96261183859691e-05,0
5039,"sleek",1,2.96261183859691e-05,0
5040,"sleeping",1,2.96261183859691e-05,0
5041,"sleeve",1,2.96261183859691e-05,0
5042,"slice",1,2.96261183859691e-05,0
5043,"slip",1,2.96261183859691e-05,0
5044,"slippery",1,2.96261183859691e-05,0
5045,"slipping",1,2.96261183859691e-05,0
5046,"slips",1,2.96261183859691e-05,0
5047,"slits",1,2.96261183859691e-05,0
5048,"slouching",1,2.96261183859691e-05,0
5049,"smartest",1,2.96261183859691e-05,0
5050,"smashed",1,2.96261183859691e-05,0
5051,"smell",1,2.96261183859691e-05,0
5052,"smiles",1,2.96261183859691e-05,0
5053,"smooth",1,2.96261183859691e-05,0
5054,"smoothing",1,2.96261183859691e-05,0
5055,"smoothly",1,2.96261183859691e-05,0
5056,"smothered",1,2.96261183859691e-05,0
5057,"sneer",1,2.96261183859691e-05,0
5058,"snippets",1,2.96261183859691e-05,0
5059,"snorted",1,2.96261183859691e-05,0
5060,"snorts",1,2.96261183859691e-05,0
5061,"snuff",1,2.96261183859691e-05,0
5062,"soap",1,2.96261183859691e-05,0
5063,"sobered",1,2.96261183859691e-05,0
5064,"soberness",1,2.96261183859691e-05,0
5065,"softest",1,2.96261183859691e-05,0
5066,"softhearted",1,2.96261183859691e-05,0
5067,"softness",1,2.96261183859691e-05,0
5068,"soirée",1,2.96261183859691e-05,0
5069,"sold",1,2.96261183859691e-05,0
5070,"sole",1,2.96261183859691e-05,0
5071,"solely",1,2.96261183859691e-05,0
5072,"solemnly",1,2.96261183859691e-05,0
5073,"solitary",1,2.96261183859691e-05,0
5074,"solomon",1,2.96261183859691e-05,0
5075,"solving",1,2.96261183859691e-05,0
5076,"sombre",1,2.96261183859691e-05,0
5077,"song",1,2.96261183859691e-05,0
5078,"soothe",1,2.96261183859691e-05,0
5079,"soothingly",1,2.96261183859691e-05,0
5080,"sore",1,2.96261183859691e-05,0
5081,"sorrowful",1,2.96261183859691e-05,0
5082,"sorrows",1,2.96261183859691e-05,0
5083,"soubriquet",1,2.96261183859691e-05,0
5084,"sounds",1,2.96261183859691e-05,0
5085,"source",1,2.96261183859691e-05,0
5086,"soured",1,2.96261183859691e-05,0
5087,"spacing",1,2.96261183859691e-05,0
5088,"span",1,2.96261183859691e-05,0
5089,"spare",1,2.96261183859691e-05,0
5090,"sparse",1,2.96261183859691e-05,0
5091,"spasm",1,2.96261183859691e-05,0
5092,"specially",1,2.96261183859691e-05,0
5093,"speech",1,2.96261183859691e-05,0
5094,"speedily",1,2.96261183859691e-05,0
5095,"spick",1,2.96261183859691e-05,0
5096,"splintered",1,2.96261183859691e-05,0
5097,"spoilt",1,2.96261183859691e-05,0
5098,"spoon",1,2.96261183859691e-05,0
5099,"sport",1,2.96261183859691e-05,0
5100,"sporting",1,2.96261183859691e-05,0
5101,"springy",1,2.96261183859691e-05,0
5102,"spun",1,2.96261183859691e-05,0
5103,"spur",1,2.96261183859691e-05,0
5104,"spying",1,2.96261183859691e-05,0
5105,"squarely",1,2.96261183859691e-05,0
5106,"squeeze",1,2.96261183859691e-05,0
5107,"squeezed",1,2.96261183859691e-05,0
5108,"squirming",1,2.96261183859691e-05,0
5109,"stable",1,2.96261183859691e-05,0
5110,"stairs",1,2.96261183859691e-05,0
5111,"stalls",1,2.96261183859691e-05,0
5112,"stammering",1,2.96261183859691e-05,0
5113,"stamped",1,2.96261183859691e-05,0
5114,"standpoint",1,2.96261183859691e-05,0
5115,"standstill",1,2.96261183859691e-05,0
5116,"startling",1,2.96261183859691e-05,0
5117,"starving",1,2.96261183859691e-05,0
5118,"stated",1,2.96261183859691e-05,0
5119,"stating",1,2.96261183859691e-05,0
5120,"stature",1,2.96261183859691e-05,0
5121,"status",1,2.96261183859691e-05,0
5122,"staunch",1,2.96261183859691e-05,0
5123,"stead",1,2.96261183859691e-05,0
5124,"steady",1,2.96261183859691e-05,0
5125,"steeled",1,2.96261183859691e-05,0
5126,"sterner",1,2.96261183859691e-05,0
5127,"sticking",1,2.96261183859691e-05,0
5128,"sticks",1,2.96261183859691e-05,0
5129,"stiff",1,2.96261183859691e-05,0
5130,"stiffer",1,2.96261183859691e-05,0
5131,"stimulant",1,2.96261183859691e-05,0
5132,"stimulating",1,2.96261183859691e-05,0
5133,"stock",1,2.96261183859691e-05,0
5134,"stocking",1,2.96261183859691e-05,0
5135,"stocks",1,2.96261183859691e-05,0
5136,"stoicism",1,2.96261183859691e-05,0
5137,"stolidly",1,2.96261183859691e-05,0
5138,"stops",1,2.96261183859691e-05,0
5139,"store",1,2.96261183859691e-05,0
5140,"stores",1,2.96261183859691e-05,0
5141,"stout",1,2.96261183859691e-05,0
5142,"straightened",1,2.96261183859691e-05,0
5143,"strangle",1,2.96261183859691e-05,0
5144,"stratagem",1,2.96261183859691e-05,0
5145,"stretch",1,2.96261183859691e-05,0
5146,"stretching",1,2.96261183859691e-05,0
5147,"strictly",1,2.96261183859691e-05,0
5148,"strikes",1,2.96261183859691e-05,0
5149,"string",1,2.96261183859691e-05,0
5150,"strode",1,2.96261183859691e-05,0
5151,"stroking",1,2.96261183859691e-05,0
5152,"stronger",1,2.96261183859691e-05,0
5153,"strove",1,2.96261183859691e-05,0
5154,"struggle",1,2.96261183859691e-05,0
5155,"struggling",1,2.96261183859691e-05,0
5156,"student",1,2.96261183859691e-05,0
5157,"stumbled",1,2.96261183859691e-05,0
5158,"stupefied",1,2.96261183859691e-05,0
5159,"style",1,2.96261183859691e-05,0
5160,"submitted",1,2.96261183859691e-05,0
5161,"subscribe",1,2.96261183859691e-05,0
5162,"substitution",1,2.96261183859691e-05,0
5163,"suburban",1,2.96261183859691e-05,0
5164,"succeed",1,2.96261183859691e-05,0
5165,"succinctly",1,2.96261183859691e-05,0
5166,"sucking",1,2.96261183859691e-05,0
5167,"suède",1,2.96261183859691e-05,0
5168,"suffer",1,2.96261183859691e-05,0
5169,"suffered",1,2.96261183859691e-05,0
5170,"sufficient",1,2.96261183859691e-05,0
5171,"suffused",1,2.96261183859691e-05,0
5172,"suggesting",1,2.96261183859691e-05,0
5173,"suggestively",1,2.96261183859691e-05,0
5174,"suicides",1,2.96261183859691e-05,0
5175,"suitcase",1,2.96261183859691e-05,0
5176,"suits",1,2.96261183859691e-05,0
5177,"sujet",1,2.96261183859691e-05,0
5178,"sulk",1,2.96261183859691e-05,0
5179,"sullen",1,2.96261183859691e-05,0
5180,"summer",1,2.96261183859691e-05,0
5181,"summoned",1,2.96261183859691e-05,0
5182,"summons",1,2.96261183859691e-05,0
5183,"sun",1,2.96261183859691e-05,0
5184,"sundays",1,2.96261183859691e-05,0
5185,"sundry",1,2.96261183859691e-05,0
5186,"sunlit",1,2.96261183859691e-05,0
5187,"sunshade",1,2.96261183859691e-05,0
5188,"superfluous",1,2.96261183859691e-05,0
5189,"superior",1,2.96261183859691e-05,0
5190,"supper",1,2.96261183859691e-05,0
5191,"suppositions",1,2.96261183859691e-05,0
5192,"surest",1,2.96261183859691e-05,0
5193,"sûreté",1,2.96261183859691e-05,0
5194,"surgeons",1,2.96261183859691e-05,0
5195,"surmounted",1,2.96261183859691e-05,0
5196,"surveyed",1,2.96261183859691e-05,0
5197,"susceptibilities",1,2.96261183859691e-05,0
5198,"suspecting",1,2.96261183859691e-05,0
5199,"suspicions",1,2.96261183859691e-05,0
5200,"suspiciously",1,2.96261183859691e-05,0
5201,"swarthy",1,2.96261183859691e-05,0
5202,"swaying",1,2.96261183859691e-05,0
5203,"sweep",1,2.96261183859691e-05,0
5204,"swindled",1,2.96261183859691e-05,0
5205,"swing",1,2.96261183859691e-05,0
5206,"swiss",1,2.96261183859691e-05,0
5207,"swollen",1,2.96261183859691e-05,0
5208,"sworn",1,2.96261183859691e-05,0
5209,"sympathique",1,2.96261183859691e-05,0
5210,"system",1,2.96261183859691e-05,0
5211,"tailleur",1,2.96261183859691e-05,0
5212,"tailor",1,2.96261183859691e-05,0
5213,"tale",1,2.96261183859691e-05,0
5214,"tampered",1,2.96261183859691e-05,0
5215,"tankards",1,2.96261183859691e-05,0
5216,"tantrums",1,2.96261183859691e-05,0
5217,"tape",1,2.96261183859691e-05,0
5218,"tarnished",1,2.96261183859691e-05,0
5219,"tartly",1,2.96261183859691e-05,0
5220,"task",1,2.96261183859691e-05,0
5221,"tawdrily",1,2.96261183859691e-05,0
5222,"tawny",1,2.96261183859691e-05,0
5223,"tax",1,2.96261183859691e-05,0
5224,"taxi",1,2.96261183859691e-05,0
5225,"teach",1,2.96261183859691e-05,0
5226,"technical",1,2.96261183859691e-05,0
5227,"teeth",1,2.96261183859691e-05,0
5228,"telephoning",1,2.96261183859691e-05,0
5229,"temperamental",1,2.96261183859691e-05,0
5230,"tempers",1,2.96261183859691e-05,0
5231,"temporarily",1,2.96261183859691e-05,0
5232,"temptation",1,2.96261183859691e-05,0
5233,"tempted",1,2.96261183859691e-05,0
5234,"tenderly",1,2.96261183859691e-05,0
5235,"termination",1,2.96261183859691e-05,0
5236,"terms",1,2.96261183859691e-05,0
5237,"testamentary",1,2.96261183859691e-05,0
5238,"tested",1,2.96261183859691e-05,0
5239,"thanked",1,2.96261183859691e-05,0
5240,"thankful",1,2.96261183859691e-05,0
5241,"thatch",1,2.96261183859691e-05,0
5242,"thawed",1,2.96261183859691e-05,0
5243,"theme",1,2.96261183859691e-05,0
5244,"thereupon",1,2.96261183859691e-05,0
5245,"thinks",1,2.96261183859691e-05,0
5246,"thinner",1,2.96261183859691e-05,0
5247,"thomas",1,2.96261183859691e-05,0
5248,"thorn",1,2.96261183859691e-05,0
5249,"thoroughfare",1,2.96261183859691e-05,0
5250,"thoughtful",1,2.96261183859691e-05,0
5251,"thrashed",1,2.96261183859691e-05,0
5252,"thread",1,2.96261183859691e-05,0
5253,"threatening",1,2.96261183859691e-05,0
5254,"threats",1,2.96261183859691e-05,0
5255,"threshold",1,2.96261183859691e-05,0
5256,"thrill",1,2.96261183859691e-05,0
5257,"thrilling",1,2.96261183859691e-05,0
5258,"thumbnail",1,2.96261183859691e-05,0
5259,"thunder",1,2.96261183859691e-05,0
5260,"thundercloud",1,2.96261183859691e-05,0
5261,"ticket",1,2.96261183859691e-05,0
5262,"tighter",1,2.96261183859691e-05,0
5263,"tightly",1,2.96261183859691e-05,0
5264,"tiles",1,2.96261183859691e-05,0
5265,"tire",1,2.96261183859691e-05,0
5266,"tiresome",1,2.96261183859691e-05,0
5267,"tisane",1,2.96261183859691e-05,0
5268,"titbit",1,2.96261183859691e-05,0
5269,"titled",1,2.96261183859691e-05,0
5270,"toast",1,2.96261183859691e-05,0
5271,"toilet",1,2.96261183859691e-05,0
5272,"tolerably",1,2.96261183859691e-05,0
5273,"tolerant",1,2.96261183859691e-05,0
5274,"tolerantly",1,2.96261183859691e-05,0
5275,"tomatoes",1,2.96261183859691e-05,0
5276,"tomfoolery",1,2.96261183859691e-05,0
5277,"tongs",1,2.96261183859691e-05,0
5278,"tonnerres",1,2.96261183859691e-05,0
5279,"tonsils",1,2.96261183859691e-05,0
5280,"tool",1,2.96261183859691e-05,0
5281,"tooling",1,2.96261183859691e-05,0
5282,"topping",1,2.96261183859691e-05,0
5283,"tortured",1,2.96261183859691e-05,0
5284,"toying",1,2.96261183859691e-05,0
5285,"trace",1,2.96261183859691e-05,0
5286,"traced",1,2.96261183859691e-05,0
5287,"tracked",1,2.96261183859691e-05,0
5288,"trade",1,2.96261183859691e-05,0
5289,"tradespeople",1,2.96261183859691e-05,0
5290,"traditions",1,2.96261183859691e-05,0
5291,"tragic",1,2.96261183859691e-05,0
5292,"trained",1,2.96261183859691e-05,0
5293,"trance",1,2.96261183859691e-05,0
5294,"transacted",1,2.96261183859691e-05,0
5295,"transaction",1,2.96261183859691e-05,0
5296,"transactions",1,2.96261183859691e-05,0
5297,"transatlantic",1,2.96261183859691e-05,0
5298,"transferred",1,2.96261183859691e-05,0
5299,"transformed",1,2.96261183859691e-05,0
5300,"transforming",1,2.96261183859691e-05,0
5301,"transparent",1,2.96261183859691e-05,0
5302,"transports",1,2.96261183859691e-05,0
5303,"traps",1,2.96261183859691e-05,0
5304,"tread",1,2.96261183859691e-05,0
5305,"treat",1,2.96261183859691e-05,0
5306,"treaty",1,2.96261183859691e-05,0
5307,"trepidation",1,2.96261183859691e-05,0
5308,"trim",1,2.96261183859691e-05,0
5309,"trimmed",1,2.96261183859691e-05,0
5310,"triumph",1,2.96261183859691e-05,0
5311,"troubling",1,2.96261183859691e-05,0
5312,"trouser",1,2.96261183859691e-05,0
5313,"trousers",1,2.96261183859691e-05,0
5314,"trusts",1,2.96261183859691e-05,0
5315,"trustworthy",1,2.96261183859691e-05,0
5316,"tube",1,2.96261183859691e-05,0
5317,"tucked",1,2.96261183859691e-05,0
5318,"turns",1,2.96261183859691e-05,0
5319,"twining",1,2.96261183859691e-05,0
5320,"twirled",1,2.96261183859691e-05,0
5321,"twist",1,2.96261183859691e-05,0
5322,"twisted",1,2.96261183859691e-05,0
5323,"twisting",1,2.96261183859691e-05,0
5324,"twitch",1,2.96261183859691e-05,0
5325,"twitched",1,2.96261183859691e-05,0
5326,"tyre",1,2.96261183859691e-05,0
5327,"unable",1,2.96261183859691e-05,0
5328,"unaccountably",1,2.96261183859691e-05,0
5329,"unaccustomed",1,2.96261183859691e-05,0
5330,"unaffectedly",1,2.96261183859691e-05,0
5331,"unawares",1,2.96261183859691e-05,0
5332,"unbelievable",1,2.96261183859691e-05,0
5333,"unbolted",1,2.96261183859691e-05,0
5334,"unceasingly",1,2.96261183859691e-05,0
5335,"unceremonious",1,2.96261183859691e-05,0
5336,"uncompromising",1,2.96261183859691e-05,0
5337,"unconcernedly",1,2.96261183859691e-05,0
5338,"unconsciously",1,2.96261183859691e-05,0
5339,"unconsciousness",1,2.96261183859691e-05,0
5340,"unconventional",1,2.96261183859691e-05,0
5341,"unconventionality",1,2.96261183859691e-05,0
5342,"unconvincing",1,2.96261183859691e-05,0
5343,"uncrossed",1,2.96261183859691e-05,0
5344,"unctuous",1,2.96261183859691e-05,0
5345,"undeceived",1,2.96261183859691e-05,0
5346,"undefinable",1,2.96261183859691e-05,0
5347,"undeniable",1,2.96261183859691e-05,0
5348,"underlings",1,2.96261183859691e-05,0
5349,"underlying",1,2.96261183859691e-05,0
5350,"understandingly",1,2.96261183859691e-05,0
5351,"underworld",1,2.96261183859691e-05,0
5352,"undoubtedly",1,2.96261183859691e-05,0
5353,"undue",1,2.96261183859691e-05,0
5354,"undying",1,2.96261183859691e-05,0
5355,"une",1,2.96261183859691e-05,0
5356,"unemotional",1,2.96261183859691e-05,0
5357,"unevenly",1,2.96261183859691e-05,0
5358,"unfair",1,2.96261183859691e-05,0
5359,"unforeseen",1,2.96261183859691e-05,0
5360,"unfortunate",1,2.96261183859691e-05,0
5361,"ungrateful",1,2.96261183859691e-05,0
5362,"unhurried",1,2.96261183859691e-05,0
5363,"uniform",1,2.96261183859691e-05,0
5364,"unimpeachable",1,2.96261183859691e-05,0
5365,"unimportant",1,2.96261183859691e-05,0
5366,"uninterested",1,2.96261183859691e-05,0
5367,"uninteresting",1,2.96261183859691e-05,0
5368,"unknown",1,2.96261183859691e-05,0
5369,"unlocked",1,2.96261183859691e-05,0
5370,"unlooked",1,2.96261183859691e-05,0
5371,"unmistakable",1,2.96261183859691e-05,0
5372,"unnatural",1,2.96261183859691e-05,0
5373,"unnecessary",1,2.96261183859691e-05,0
5374,"unnoticed",1,2.96261183859691e-05,0
5375,"unobservant",1,2.96261183859691e-05,0
5376,"unobtrusively",1,2.96261183859691e-05,0
5377,"unostentatiously",1,2.96261183859691e-05,0
5378,"unpretentious",1,2.96261183859691e-05,0
5379,"unquenchable",1,2.96261183859691e-05,0
5380,"unrecognizable",1,2.96261183859691e-05,0
5381,"unrolled",1,2.96261183859691e-05,0
5382,"unsatisfactory",1,2.96261183859691e-05,0
5383,"unseeing",1,2.96261183859691e-05,0
5384,"unshaken",1,2.96261183859691e-05,0
5385,"unspeakable",1,2.96261183859691e-05,0
5386,"unsuccessfully",1,2.96261183859691e-05,0
5387,"unsuspicious",1,2.96261183859691e-05,0
5388,"untidy",1,2.96261183859691e-05,0
5389,"unturned",1,2.96261183859691e-05,0
5390,"unusual",1,2.96261183859691e-05,0
5391,"unwaveringly",1,2.96261183859691e-05,0
5392,"unwilling",1,2.96261183859691e-05,0
5393,"unwillingness",1,2.96261183859691e-05,0
5394,"unwisdom",1,2.96261183859691e-05,0
5395,"unwise",1,2.96261183859691e-05,0
5396,"uphold",1,2.96261183859691e-05,0
5397,"upsets",1,2.96261183859691e-05,0
5398,"upsetting",1,2.96261183859691e-05,0
5399,"upward",1,2.96261183859691e-05,0
5400,"upwards",1,2.96261183859691e-05,0
5401,"urge",1,2.96261183859691e-05,0
5402,"ushering",1,2.96261183859691e-05,0
5403,"vacant",1,2.96261183859691e-05,0
5404,"vain",1,2.96261183859691e-05,0
5405,"vainglory",1,2.96261183859691e-05,0
5406,"valuable",1,2.96261183859691e-05,0
5407,"vanished",1,2.96261183859691e-05,0
5408,"varying",1,2.96261183859691e-05,0
5409,"vassilovna",1,2.96261183859691e-05,0
5410,"vastly",1,2.96261183859691e-05,0
5411,"veins",1,2.96261183859691e-05,0
5412,"velocity",1,2.96261183859691e-05,0
5413,"venetian",1,2.96261183859691e-05,0
5414,"venture",1,2.96261183859691e-05,0
5415,"verified",1,2.96261183859691e-05,0
5416,"vexedly",1,2.96261183859691e-05,0
5417,"vibrated",1,2.96261183859691e-05,0
5418,"vicious",1,2.96261183859691e-05,0
5419,"victorian",1,2.96261183859691e-05,0
5420,"vie",1,2.96261183859691e-05,0
5421,"vigorously",1,2.96261183859691e-05,0
5422,"villages",1,2.96261183859691e-05,0
5423,"villain",1,2.96261183859691e-05,0
5424,"viscount",1,2.96261183859691e-05,0
5425,"visible",1,2.96261183859691e-05,0
5426,"voices",1,2.96261183859691e-05,0
5427,"volunteered",1,2.96261183859691e-05,0
5428,"vous",1,2.96261183859691e-05,0
5429,"wad",1,2.96261183859691e-05,0
5430,"wagons",1,2.96261183859691e-05,0
5431,"waistcoat",1,2.96261183859691e-05,0
5432,"waiter",1,2.96261183859691e-05,0
5433,"waked",1,2.96261183859691e-05,0
5434,"wallet",1,2.96261183859691e-05,0
5435,"warmth",1,2.96261183859691e-05,0
5436,"warningly",1,2.96261183859691e-05,0
5437,"warnings",1,2.96261183859691e-05,0
5438,"waste",1,2.96261183859691e-05,0
5439,"watches",1,2.96261183859691e-05,0
5440,"watchful",1,2.96261183859691e-05,0
5441,"wavered",1,2.96261183859691e-05,0
5442,"waxed",1,2.96261183859691e-05,0
5443,"waylay",1,2.96261183859691e-05,0
5444,"weak",1,2.96261183859691e-05,0
5445,"weaker",1,2.96261183859691e-05,0
5446,"weakness",1,2.96261183859691e-05,0
5447,"weaknesses",1,2.96261183859691e-05,0
5448,"wealthy",1,2.96261183859691e-05,0
5449,"weapon",1,2.96261183859691e-05,0
5450,"wearisome",1,2.96261183859691e-05,0
5451,"weep",1,2.96261183859691e-05,0
5452,"weighed",1,2.96261183859691e-05,0
5453,"wept",1,2.96261183859691e-05,0
5454,"weren",1,2.96261183859691e-05,0
5455,"westinghouse",1,2.96261183859691e-05,0
5456,"whatnots",1,2.96261183859691e-05,0
5457,"wheeled",1,2.96261183859691e-05,0
5458,"whenever",1,2.96261183859691e-05,0
5459,"whimsical",1,2.96261183859691e-05,0
5460,"whirled",1,2.96261183859691e-05,0
5461,"whirlwind",1,2.96261183859691e-05,0
5462,"whisky",1,2.96261183859691e-05,0
5463,"whisper",1,2.96261183859691e-05,0
5464,"whispered",1,2.96261183859691e-05,0
5465,"whistles",1,2.96261183859691e-05,0
5466,"whistling",1,2.96261183859691e-05,0
5467,"whitechapel",1,2.96261183859691e-05,0
5468,"whoever",1,2.96261183859691e-05,0
5469,"wholehearted",1,2.96261183859691e-05,0
5470,"wholly",1,2.96261183859691e-05,0
5471,"widened",1,2.96261183859691e-05,0
5472,"widening",1,2.96261183859691e-05,0
5473,"wider",1,2.96261183859691e-05,0
5474,"widows",1,2.96261183859691e-05,0
5475,"wildest",1,2.96261183859691e-05,0
5476,"wildgoose",1,2.96261183859691e-05,0
5477,"willed",1,2.96261183859691e-05,0
5478,"williams",1,2.96261183859691e-05,0
5479,"willing",1,2.96261183859691e-05,0
5480,"wing",1,2.96261183859691e-05,0
5481,"winking",1,2.96261183859691e-05,0
5482,"winters",1,2.96261183859691e-05,0
5483,"wiped",1,2.96261183859691e-05,0
5484,"wiping",1,2.96261183859691e-05,0
5485,"wired",1,2.96261183859691e-05,0
5486,"wiser",1,2.96261183859691e-05,0
5487,"wishing",1,2.96261183859691e-05,0
5488,"withdrawn",1,2.96261183859691e-05,0
5489,"witnesses",1,2.96261183859691e-05,0
5490,"wives",1,2.96261183859691e-05,0
5491,"woke",1,2.96261183859691e-05,0
5492,"wolves",1,2.96261183859691e-05,0
5493,"wonderfully",1,2.96261183859691e-05,0
5494,"wonders",1,2.96261183859691e-05,0
5495,"wont",1,2.96261183859691e-05,0
5496,"wool",1,2.96261183859691e-05,0
5497,"woollen",1,2.96261183859691e-05,0
5498,"worcestershire",1,2.96261183859691e-05,0
5499,"wording",1,2.96261183859691e-05,0
5500,"worked",1,2.96261183859691e-05,0
5501,"worrying",1,2.96261183859691e-05,0
5502,"worthless",1,2.96261183859691e-05,0
5503,"wound",1,2.96261183859691e-05,0
5504,"wounded",1,2.96261183859691e-05,0
5505,"wriggled",1,2.96261183859691e-05,0
5506,"wriggling",1,2.96261183859691e-05,0
5507,"wrinkles",1,2.96261183859691e-05,0
5508,"wrung",1,2.96261183859691e-05,0
5509,"wry",1,2.96261183859691e-05,0
5510,"yawned",1,2.96261183859691e-05,0
5511,"yearning",1,2.96261183859691e-05,0
5512,"yield",1,2.96261183859691e-05,0
5513,"youngest",1,2.96261183859691e-05,0
5514,"youngish",1,2.96261183859691e-05,0
5515,"zut",1,2.96261183859691e-05,0
